#
# There is insufficient memory for the Java Runtime Environment to continue.
# Native memory allocation (malloc) failed to allocate 1811232 bytes. Error detail: Chunk::new
# Possible reasons:
#   The system is out of physical RAM or swap space
#   This process is running with CompressedOops enabled, and the Java Heap may be blocking the growth of the native heap
# Possible solutions:
#   Reduce memory load on the system
#   Increase physical memory or swap space
#   Check if swap backing store is full
#   Decrease Java heap size (-Xmx/-Xms)
#   Decrease number of Java threads
#   Decrease Java thread stack sizes (-Xss)
#   Set larger code cache with -XX:ReservedCodeCacheSize=
#   JVM is running with Zero Based Compressed Oops mode in which the Java heap is
#     placed in the first 32GB address space. The Java Heap base address is the
#     maximum limit for the native heap growth. Please use -XX:HeapBaseMinAddress
#     to set the Java Heap base and to place the Java Heap above 32GB virtual address.
# This output file may be truncated or incomplete.
#
#  Out of Memory Error (arena.cpp:168), pid=1084, tid=11268
#
# JRE version: OpenJDK Runtime Environment Corretto-21.0.11.10.1 (21.0.11+10) (build 21.0.11+10-LTS)
# Java VM: OpenJDK 64-Bit Server VM Corretto-21.0.11.10.1 (21.0.11+10-LTS, mixed mode, sharing, tiered, compressed oops, compressed class ptrs, g1 gc, windows-amd64)
# No core dump will be written. Minidumps are not enabled by default on client versions of Windows
#

---------------  S U M M A R Y ------------

Command Line: -Dandroid.studio.latest.known.compatible.agp.version=9.2.1 -Dast.loading.filter=false -Dfile.separator=\ -Dide.hide.excluded.files=false -Didea.active=true -Didea.compose.hot-reload=true -Didea.compose.hot-reload.version=2 -Didea.config.path=some/non/existent/path -Didea.gradle.download.sources=true -Didea.ignore.disabled.plugins=true -Didea.io.use.nio2=true -Didea.plugins.compatible.build=999.SNAPSHOT -Didea.resolveSourceSetDependencies=true -Didea.sync.active=true -Didea.vendor.name=Google -Didea.version=2025.3 -Djava.awt.headless=true -Djava.class.version=65.0 -Djava.home=C:\Users\gabil\.gradle\jdks\amazon_com_inc_-21-amd64-windows.2 -Djava.library.path=C:\Users\gabil\.gradle\jdks\amazon_com_inc_-21-amd64-windows.2\bin;C:\WINDOWS\Sun\Java\bin;C:\WINDOWS\system32;C:\WINDOWS;C:\WINDOWS\system32;C:\WINDOWS;C:\WINDOWS\System32\Wbem;C:\WINDOWS\System32\WindowsPowerShell\v1.0\;C:\WINDOWS\System32\OpenSSH\;C:\Program Files (x86)\Microsoft SQL Server\160\Tools\Binn\;C:\Program Files\Microsoft SQL Server\160\Tools\Binn\;C:\Program Files\Microsoft SQL Server\Client SDK\ODBC\170\Tools\Binn\;C:\Program Files\Microsoft SQL Server\160\DTS\Binn\;C:\Program Files\Microsoft SQL Server\150\Tools\Binn\;C:\Program Files\Git\cmd;C:\Users\gabil\AppData\Local\Microsoft\WindowsApps;;C:\Program Files\JetBrains\PyCharm 2024.2.3\bin;;C:\Users\gabil\AppData\Local\Muse Hub\lib;C:\Program Files\JetBrains\IntelliJ IDEA Community Edition 2025.1.1.1\bin;;. -Djava.runtime.name=OpenJDK Runtime Environment -Djava.runtime.version=21.0.11+10-LTS -Djava.specification.name=Java Platform API Specification -Djava.specification.vendor=Oracle Corporation -Djava.specification.version=21 -Djava.vendor=Amazon.com Inc. -Djava.vendor.url=https://aws.amazon.com/corretto/ -Djava.vendor.url.bug=https://github.com/corretto/corretto-21/issues/ -Djava.vendor.version=Corretto-21.0.11.10.1 -Djava.version=21.0.11 -Djava.version.date=2026-04-21 -Djava.vm.compressedOopsMode=Zero based -Djava.vm.info=mixed mode, sharing -Djava.vm.name=OpenJDK 64-Bit Server VM -Djava.vm.specification.name=Java Virtual Machine Specification -Djava.vm.specification.vendor=Oracle Corporation -Djava.vm.specification.version=21 -Djava.vm.vendor=Amazon.com Inc. -Djava.vm.version=21.0.11+10-LTS -Djdk.debug=release -Dlibrary.jansi.path=C:\Users\gabil\.gradle\native\jansi\1.18\windows64 -Dline.separator=
 -Dnative.encoding=Cp1252 -Dorg.gradle.internal.GradleProjectBuilderOptions=omit_all_tasks -Dos.arch=amd64 -Dos.name=Windows 11 -Dos.version=10.0 -Dpath.separator=; -Dplatform.random.idempotence.check.rate=1000 -Dproject.structure.add.tools.jar.to.new.jdk=false -Dpsi.incremental.reparse.depth.limit=1000 -Dpsi.sleep.in.validity.check=false -Dpsi.track.invalidation=true -Dstderr.encoding=Cp1252 -Dstdout.encoding=Cp1252 -Dsun.arch.data.model=64 -Dsun.boot.library.path=C:\Users\gabil\.gradle\jdks\amazon_com_inc_-21-amd64-windows.2\bin -Dsun.cpu.endian=little -Dsun.cpu.isalist=amd64 -Dsun.io.unicode.encoding=UnicodeLittle -Dsun.jnu.encoding=Cp1252 -Dsun.management.compiler=HotSpot 64-Bit Tiered Compilers -Dsun.os.patch.level -Duser.home=C:\Users\gabil -Duser.name=gabil -Duser.script -Duser.timezone=America/Mexico_City -Xmx3g -Dfile.encoding=UTF-8 -Djava.io.tmpdir=C:\Users\gabil\AppData\Local\Temp\ -Duser.country=MX -Duser.language=es -Duser.variant -ea org.jetbrains.kotlin.commonizer.cli.CommonizerCLI @C:\Users\gabil\AppData\Local\Temp\kotlinc-native-args704041341577375467.lst

Host: Intel(R) Celeron(R) N4020 CPU @ 1.10GHz, 2 cores, 7G,  Windows 11 , 64 bit Build 26100 (10.0.26100.5074)
Time: Sat Jun  6 23:22:03 2026 Hora estándar central (México) elapsed time: 197.055915 seconds (0d 0h 3m 17s)

---------------  T H R E A D  ---------------

Current thread (0x00000287ad5025c0):  JavaThread "C2 CompilerThread0" daemon [_thread_in_native, id=11268, stack(0x000000b92e100000,0x000000b92e200000) (1024K)]


Current CompileTask:
C2:197057 6994       4       java.util.regex.Pattern$BmpCharProperty::match (55 bytes)

Stack: [0x000000b92e100000,0x000000b92e200000]
Native frames: (J=compiled Java code, j=interpreted, Vv=VM code, C=native code)
V  [jvm.dll+0x6df899]
V  [jvm.dll+0x8bc52b]
V  [jvm.dll+0x8beaba]
V  [jvm.dll+0x8bf193]
V  [jvm.dll+0x28aa16]
V  [jvm.dll+0xc917d]
V  [jvm.dll+0xc96cc]
V  [jvm.dll+0x3c5aec]
V  [jvm.dll+0x392122]
V  [jvm.dll+0x39157a]
V  [jvm.dll+0x252700]
V  [jvm.dll+0x251d22]
V  [jvm.dll+0x1d1bce]
V  [jvm.dll+0x26198a]
V  [jvm.dll+0x25ff15]
V  [jvm.dll+0x3ff815]
V  [jvm.dll+0x8672bd]
V  [jvm.dll+0x6de09d]
C  [ucrtbase.dll+0x37b0]
C  [KERNEL32.DLL+0x2e8d7]
C  [ntdll.dll+0x8d9c]


---------------  P R O C E S S  ---------------

Threads class SMR info:
_java_thread_list=0x00000287ad627ee0, length=11, elements={
0x000002878dfde780, 0x00000287ad4f86f0, 0x00000287ad4fa070, 0x00000287ad4fd900,
0x00000287ad500370, 0x00000287ad500dd0, 0x00000287ad501830, 0x00000287ad5025c0,
0x00000287ad51de40, 0x00000287ad649640, 0x000002878df1f970
}

Java Threads: ( => current thread )
  0x000002878dfde780 JavaThread "main"                              [_thread_in_native, id=16268, stack(0x000000b92d300000,0x000000b92d400000) (1024K)]
  0x00000287ad4f86f0 JavaThread "Reference Handler"          daemon [_thread_blocked, id=14760, stack(0x000000b92db00000,0x000000b92dc00000) (1024K)]
  0x00000287ad4fa070 JavaThread "Finalizer"                  daemon [_thread_blocked, id=12792, stack(0x000000b92dc00000,0x000000b92dd00000) (1024K)]
  0x00000287ad4fd900 JavaThread "Signal Dispatcher"          daemon [_thread_blocked, id=13012, stack(0x000000b92dd00000,0x000000b92de00000) (1024K)]
  0x00000287ad500370 JavaThread "Attach Listener"            daemon [_thread_blocked, id=6900, stack(0x000000b92de00000,0x000000b92df00000) (1024K)]
  0x00000287ad500dd0 JavaThread "Service Thread"             daemon [_thread_blocked, id=7932, stack(0x000000b92df00000,0x000000b92e000000) (1024K)]
  0x00000287ad501830 JavaThread "Monitor Deflation Thread"   daemon [_thread_blocked, id=14484, stack(0x000000b92e000000,0x000000b92e100000) (1024K)]
=>0x00000287ad5025c0 JavaThread "C2 CompilerThread0"         daemon [_thread_in_native, id=11268, stack(0x000000b92e100000,0x000000b92e200000) (1024K)]
  0x00000287ad51de40 JavaThread "C1 CompilerThread0"         daemon [_thread_blocked, id=9276, stack(0x000000b92e200000,0x000000b92e300000) (1024K)]
  0x00000287ad649640 JavaThread "Notification Thread"        daemon [_thread_blocked, id=16156, stack(0x000000b92e300000,0x000000b92e400000) (1024K)]
  0x000002878df1f970 JavaThread "Common-Cleaner"             daemon [_thread_blocked, id=13540, stack(0x000000b92e400000,0x000000b92e500000) (1024K)]
Total: 11

Other Threads:
  0x00000287ad4d6420 VMThread "VM Thread"                           [id=14044, stack(0x000000b92da00000,0x000000b92db00000) (1024K)]
  0x00000287ad4c4470 WatcherThread "VM Periodic Task Thread"        [id=14728, stack(0x000000b92d900000,0x000000b92da00000) (1024K)]
  0x000002878e1bc2d0 WorkerThread "GC Thread#0"                     [id=14772, stack(0x000000b92d400000,0x000000b92d500000) (1024K)]
  0x00000287ad84e2a0 WorkerThread "GC Thread#1"                     [id=11956, stack(0x000000b92e500000,0x000000b92e600000) (1024K)]
  0x000002878e1c91d0 ConcurrentGCThread "G1 Main Marker"            [id=3952, stack(0x000000b92d500000,0x000000b92d600000) (1024K)]
  0x000002878e1caa70 WorkerThread "G1 Conc#0"                       [id=11864, stack(0x000000b92d600000,0x000000b92d700000) (1024K)]
  0x000002878e21a7c0 ConcurrentGCThread "G1 Refine#0"               [id=5656, stack(0x000000b92d700000,0x000000b92d800000) (1024K)]
  0x000002878e21c0d0 ConcurrentGCThread "G1 Service"                [id=3504, stack(0x000000b92d800000,0x000000b92d900000) (1024K)]
Total: 8

Threads with active compile tasks:
C2 CompilerThread0  197113 6994       4       java.util.regex.Pattern$BmpCharProperty::match (55 bytes)
Total: 1

VM state: not at safepoint (normal execution)

VM Mutex/Monitor currently owned by a thread: None

Heap address: 0x0000000740000000, size: 3072 MB, Compressed Oops mode: Zero based, Oop shift amount: 3

CDS archive(s) mapped at: [0x00000287ae000000-0x00000287aec80000-0x00000287aec80000), size 13107200, SharedBaseAddress: 0x00000287ae000000, ArchiveRelocationMode: 1.
Compressed class space mapped at: 0x00000287af000000-0x00000287ef000000, reserved size: 1073741824
Narrow klass base: 0x00000287ae000000, Narrow klass shift: 0, Narrow klass range: 0x100000000

GC Precious Log:
 CardTable entry size: 512
 Card Set container configuration: InlinePtr #cards 4 size 8 Array Of Cards #cards 16 size 48 Howl #buckets 8 coarsen threshold 3686 Howl Bitmap #cards 512 size 80 coarsen threshold 460 Card regions per heap region 1 cards per card region 4096
 CPUs: 2 total, 2 available
 Memory: 8014M
 Large Page Support: Disabled
 NUMA Support: Disabled
 Compressed Oops: Enabled (Zero based)
 Heap Region Size: 2M
 Heap Min Capacity: 8M
 Heap Initial Capacity: 126M
 Heap Max Capacity: 3G
 Pre-touch: Disabled
 Parallel Workers: 2
 Concurrent Workers: 1
 Concurrent Refinement Workers: 2
 Periodic GC: Disabled

Heap:
 garbage-first heap   total 1138688K, used 648192K [0x0000000740000000, 0x0000000800000000)
  region size 2048K, 37 young (75776K), 1 survivors (2048K)
 Metaspace       used 14635K, committed 14784K, reserved 1114112K
  class space    used 1203K, committed 1280K, reserved 1048576K

Heap Regions: E=young(eden), S=young(survivor), O=old, HS=humongous(starts), HC=humongous(continues), CS=collection set, F=free, TAMS=top-at-mark-start, PB=parsable bottom
|   0|0x0000000740000000, 0x0000000740200000, 0x0000000740200000|100%|HS|  |TAMS 0x0000000740000000| PB 0x0000000740000000| Complete 
|   1|0x0000000740200000, 0x0000000740400000, 0x0000000740400000|100%|HC|  |TAMS 0x0000000740200000| PB 0x0000000740200000| Complete 
|   2|0x0000000740400000, 0x0000000740600000, 0x0000000740600000|100%| O|  |TAMS 0x0000000740400000| PB 0x0000000740400000| Untracked 
|   3|0x0000000740600000, 0x0000000740800000, 0x0000000740800000|100%| O|  |TAMS 0x0000000740600000| PB 0x0000000740600000| Untracked 
|   4|0x0000000740800000, 0x0000000740a00000, 0x0000000740a00000|100%| O|  |TAMS 0x0000000740800000| PB 0x0000000740800000| Untracked 
|   5|0x0000000740a00000, 0x0000000740c00000, 0x0000000740c00000|100%| O|  |TAMS 0x0000000740a00000| PB 0x0000000740a00000| Untracked 
|   6|0x0000000740c00000, 0x0000000740e00000, 0x0000000740e00000|100%| O|  |TAMS 0x0000000740c00000| PB 0x0000000740c00000| Untracked 
|   7|0x0000000740e00000, 0x0000000741000000, 0x0000000741000000|100%| O|  |TAMS 0x0000000740e00000| PB 0x0000000740e00000| Untracked 
|   8|0x0000000741000000, 0x0000000741200000, 0x0000000741200000|100%| O|  |TAMS 0x0000000741000000| PB 0x0000000741000000| Untracked 
|   9|0x0000000741200000, 0x0000000741400000, 0x0000000741400000|100%| O|  |TAMS 0x0000000741200000| PB 0x0000000741200000| Untracked 
|  10|0x0000000741400000, 0x0000000741600000, 0x0000000741600000|100%| O|  |TAMS 0x0000000741400000| PB 0x0000000741400000| Untracked 
|  11|0x0000000741600000, 0x0000000741800000, 0x0000000741800000|100%| O|  |TAMS 0x0000000741600000| PB 0x0000000741600000| Untracked 
|  12|0x0000000741800000, 0x0000000741a00000, 0x0000000741a00000|100%| O|  |TAMS 0x0000000741800000| PB 0x0000000741800000| Untracked 
|  13|0x0000000741a00000, 0x0000000741c00000, 0x0000000741c00000|100%| O|  |TAMS 0x0000000741a00000| PB 0x0000000741a00000| Untracked 
|  14|0x0000000741c00000, 0x0000000741e00000, 0x0000000741e00000|100%| O|  |TAMS 0x0000000741c00000| PB 0x0000000741c00000| Untracked 
|  15|0x0000000741e00000, 0x0000000742000000, 0x0000000742000000|100%| O|  |TAMS 0x0000000741e00000| PB 0x0000000741e00000| Untracked 
|  16|0x0000000742000000, 0x0000000742200000, 0x0000000742200000|100%| O|  |TAMS 0x0000000742000000| PB 0x0000000742000000| Untracked 
|  17|0x0000000742200000, 0x0000000742400000, 0x0000000742400000|100%| O|  |TAMS 0x0000000742200000| PB 0x0000000742200000| Untracked 
|  18|0x0000000742400000, 0x0000000742600000, 0x0000000742600000|100%| O|  |TAMS 0x0000000742400000| PB 0x0000000742400000| Untracked 
|  19|0x0000000742600000, 0x0000000742800000, 0x0000000742800000|100%| O|  |TAMS 0x0000000742600000| PB 0x0000000742600000| Untracked 
|  20|0x0000000742800000, 0x0000000742a00000, 0x0000000742a00000|100%| O|  |TAMS 0x0000000742800000| PB 0x0000000742800000| Untracked 
|  21|0x0000000742a00000, 0x0000000742c00000, 0x0000000742c00000|100%| O|  |TAMS 0x0000000742a00000| PB 0x0000000742a00000| Untracked 
|  22|0x0000000742c00000, 0x0000000742e00000, 0x0000000742e00000|100%| O|  |TAMS 0x0000000742c00000| PB 0x0000000742c00000| Untracked 
|  23|0x0000000742e00000, 0x0000000743000000, 0x0000000743000000|100%| O|  |TAMS 0x0000000742e00000| PB 0x0000000742e00000| Untracked 
|  24|0x0000000743000000, 0x0000000743200000, 0x0000000743200000|100%| O|  |TAMS 0x0000000743000000| PB 0x0000000743000000| Untracked 
|  25|0x0000000743200000, 0x0000000743400000, 0x0000000743400000|100%| O|  |TAMS 0x0000000743200000| PB 0x0000000743200000| Untracked 
|  26|0x0000000743400000, 0x0000000743600000, 0x0000000743600000|100%| O|  |TAMS 0x0000000743400000| PB 0x0000000743400000| Untracked 
|  27|0x0000000743600000, 0x0000000743800000, 0x0000000743800000|100%| O|  |TAMS 0x0000000743600000| PB 0x0000000743600000| Untracked 
|  28|0x0000000743800000, 0x0000000743a00000, 0x0000000743a00000|100%| O|  |TAMS 0x0000000743800000| PB 0x0000000743800000| Untracked 
|  29|0x0000000743a00000, 0x0000000743c00000, 0x0000000743c00000|100%| O|  |TAMS 0x0000000743a00000| PB 0x0000000743a00000| Untracked 
|  30|0x0000000743c00000, 0x0000000743e00000, 0x0000000743e00000|100%| O|  |TAMS 0x0000000743c00000| PB 0x0000000743c00000| Untracked 
|  31|0x0000000743e00000, 0x0000000744000000, 0x0000000744000000|100%| O|  |TAMS 0x0000000743e00000| PB 0x0000000743e00000| Untracked 
|  32|0x0000000744000000, 0x0000000744200000, 0x0000000744200000|100%| O|  |TAMS 0x0000000744000000| PB 0x0000000744000000| Untracked 
|  33|0x0000000744200000, 0x0000000744400000, 0x0000000744400000|100%| O|  |TAMS 0x0000000744200000| PB 0x0000000744200000| Untracked 
|  34|0x0000000744400000, 0x0000000744600000, 0x0000000744600000|100%| O|  |TAMS 0x0000000744400000| PB 0x0000000744400000| Untracked 
|  35|0x0000000744600000, 0x0000000744800000, 0x0000000744800000|100%| O|  |TAMS 0x0000000744600000| PB 0x0000000744600000| Untracked 
|  36|0x0000000744800000, 0x0000000744a00000, 0x0000000744a00000|100%| O|  |TAMS 0x0000000744800000| PB 0x0000000744800000| Untracked 
|  37|0x0000000744a00000, 0x0000000744c00000, 0x0000000744c00000|100%| O|  |TAMS 0x0000000744a00000| PB 0x0000000744a00000| Untracked 
|  38|0x0000000744c00000, 0x0000000744e00000, 0x0000000744e00000|100%| O|  |TAMS 0x0000000744c00000| PB 0x0000000744c00000| Untracked 
|  39|0x0000000744e00000, 0x0000000745000000, 0x0000000745000000|100%| O|  |TAMS 0x0000000744e00000| PB 0x0000000744e00000| Untracked 
|  40|0x0000000745000000, 0x0000000745200000, 0x0000000745200000|100%| O|  |TAMS 0x0000000745000000| PB 0x0000000745000000| Untracked 
|  41|0x0000000745200000, 0x0000000745400000, 0x0000000745400000|100%| O|  |TAMS 0x0000000745200000| PB 0x0000000745200000| Untracked 
|  42|0x0000000745400000, 0x0000000745600000, 0x0000000745600000|100%| O|  |TAMS 0x0000000745400000| PB 0x0000000745400000| Untracked 
|  43|0x0000000745600000, 0x0000000745800000, 0x0000000745800000|100%| O|  |TAMS 0x0000000745600000| PB 0x0000000745600000| Untracked 
|  44|0x0000000745800000, 0x0000000745a00000, 0x0000000745a00000|100%| O|  |TAMS 0x0000000745800000| PB 0x0000000745800000| Untracked 
|  45|0x0000000745a00000, 0x0000000745c00000, 0x0000000745c00000|100%| O|  |TAMS 0x0000000745a00000| PB 0x0000000745a00000| Untracked 
|  46|0x0000000745c00000, 0x0000000745e00000, 0x0000000745e00000|100%| O|  |TAMS 0x0000000745c00000| PB 0x0000000745c00000| Untracked 
|  47|0x0000000745e00000, 0x0000000746000000, 0x0000000746000000|100%| O|  |TAMS 0x0000000745e00000| PB 0x0000000745e00000| Untracked 
|  48|0x0000000746000000, 0x0000000746200000, 0x0000000746200000|100%| O|  |TAMS 0x0000000746000000| PB 0x0000000746000000| Untracked 
|  49|0x0000000746200000, 0x0000000746400000, 0x0000000746400000|100%| O|  |TAMS 0x0000000746200000| PB 0x0000000746200000| Untracked 
|  50|0x0000000746400000, 0x0000000746600000, 0x0000000746600000|100%| O|  |TAMS 0x0000000746400000| PB 0x0000000746400000| Untracked 
|  51|0x0000000746600000, 0x0000000746800000, 0x0000000746800000|100%| O|  |TAMS 0x0000000746600000| PB 0x0000000746600000| Untracked 
|  52|0x0000000746800000, 0x0000000746a00000, 0x0000000746a00000|100%| O|  |TAMS 0x0000000746800000| PB 0x0000000746800000| Untracked 
|  53|0x0000000746a00000, 0x0000000746c00000, 0x0000000746c00000|100%| O|  |TAMS 0x0000000746a00000| PB 0x0000000746a00000| Untracked 
|  54|0x0000000746c00000, 0x0000000746e00000, 0x0000000746e00000|100%| O|  |TAMS 0x0000000746c00000| PB 0x0000000746c00000| Untracked 
|  55|0x0000000746e00000, 0x0000000747000000, 0x0000000747000000|100%| O|  |TAMS 0x0000000746e00000| PB 0x0000000746e00000| Untracked 
|  56|0x0000000747000000, 0x0000000747200000, 0x0000000747200000|100%| O|  |TAMS 0x0000000747000000| PB 0x0000000747000000| Untracked 
|  57|0x0000000747200000, 0x0000000747400000, 0x0000000747400000|100%| O|  |TAMS 0x0000000747200000| PB 0x0000000747200000| Untracked 
|  58|0x0000000747400000, 0x0000000747600000, 0x0000000747600000|100%| O|  |TAMS 0x0000000747400000| PB 0x0000000747400000| Untracked 
|  59|0x0000000747600000, 0x0000000747800000, 0x0000000747800000|100%| O|  |TAMS 0x0000000747600000| PB 0x0000000747600000| Untracked 
|  60|0x0000000747800000, 0x0000000747a00000, 0x0000000747a00000|100%| O|  |TAMS 0x0000000747800000| PB 0x0000000747800000| Untracked 
|  61|0x0000000747a00000, 0x0000000747c00000, 0x0000000747c00000|100%| O|  |TAMS 0x0000000747a00000| PB 0x0000000747a00000| Untracked 
|  62|0x0000000747c00000, 0x0000000747e00000, 0x0000000747e00000|100%| O|  |TAMS 0x0000000747c00000| PB 0x0000000747c00000| Untracked 
|  63|0x0000000747e00000, 0x0000000748000000, 0x0000000748000000|100%| O|  |TAMS 0x0000000747e00000| PB 0x0000000747e00000| Untracked 
|  64|0x0000000748000000, 0x0000000748200000, 0x0000000748200000|100%| O|  |TAMS 0x0000000748000000| PB 0x0000000748000000| Untracked 
|  65|0x0000000748200000, 0x0000000748400000, 0x0000000748400000|100%| O|  |TAMS 0x0000000748200000| PB 0x0000000748200000| Untracked 
|  66|0x0000000748400000, 0x0000000748600000, 0x0000000748600000|100%| O|  |TAMS 0x0000000748400000| PB 0x0000000748400000| Untracked 
|  67|0x0000000748600000, 0x0000000748800000, 0x0000000748800000|100%| O|  |TAMS 0x0000000748600000| PB 0x0000000748600000| Untracked 
|  68|0x0000000748800000, 0x0000000748a00000, 0x0000000748a00000|100%| O|  |TAMS 0x0000000748800000| PB 0x0000000748800000| Untracked 
|  69|0x0000000748a00000, 0x0000000748c00000, 0x0000000748c00000|100%| O|  |TAMS 0x0000000748a00000| PB 0x0000000748a00000| Untracked 
|  70|0x0000000748c00000, 0x0000000748e00000, 0x0000000748e00000|100%| O|  |TAMS 0x0000000748c00000| PB 0x0000000748c00000| Untracked 
|  71|0x0000000748e00000, 0x0000000749000000, 0x0000000749000000|100%| O|  |TAMS 0x0000000748e00000| PB 0x0000000748e00000| Untracked 
|  72|0x0000000749000000, 0x0000000749200000, 0x0000000749200000|100%| O|  |TAMS 0x0000000749000000| PB 0x0000000749000000| Untracked 
|  73|0x0000000749200000, 0x0000000749400000, 0x0000000749400000|100%| O|  |TAMS 0x0000000749200000| PB 0x0000000749200000| Untracked 
|  74|0x0000000749400000, 0x0000000749600000, 0x0000000749600000|100%| O|  |TAMS 0x0000000749400000| PB 0x0000000749400000| Untracked 
|  75|0x0000000749600000, 0x0000000749800000, 0x0000000749800000|100%| O|  |TAMS 0x0000000749600000| PB 0x0000000749600000| Untracked 
|  76|0x0000000749800000, 0x0000000749a00000, 0x0000000749a00000|100%| O|  |TAMS 0x0000000749800000| PB 0x0000000749800000| Untracked 
|  77|0x0000000749a00000, 0x0000000749c00000, 0x0000000749c00000|100%| O|  |TAMS 0x0000000749a00000| PB 0x0000000749a00000| Untracked 
|  78|0x0000000749c00000, 0x0000000749e00000, 0x0000000749e00000|100%| O|  |TAMS 0x0000000749c00000| PB 0x0000000749c00000| Untracked 
|  79|0x0000000749e00000, 0x000000074a000000, 0x000000074a000000|100%| O|  |TAMS 0x0000000749e00000| PB 0x0000000749e00000| Untracked 
|  80|0x000000074a000000, 0x000000074a200000, 0x000000074a200000|100%| O|  |TAMS 0x000000074a000000| PB 0x000000074a000000| Untracked 
|  81|0x000000074a200000, 0x000000074a400000, 0x000000074a400000|100%| O|  |TAMS 0x000000074a200000| PB 0x000000074a200000| Untracked 
|  82|0x000000074a400000, 0x000000074a600000, 0x000000074a600000|100%| O|  |TAMS 0x000000074a400000| PB 0x000000074a400000| Untracked 
|  83|0x000000074a600000, 0x000000074a800000, 0x000000074a800000|100%| O|  |TAMS 0x000000074a600000| PB 0x000000074a600000| Untracked 
|  84|0x000000074a800000, 0x000000074aa00000, 0x000000074aa00000|100%| O|  |TAMS 0x000000074a800000| PB 0x000000074a800000| Untracked 
|  85|0x000000074aa00000, 0x000000074ac00000, 0x000000074ac00000|100%| O|  |TAMS 0x000000074aa00000| PB 0x000000074aa00000| Untracked 
|  86|0x000000074ac00000, 0x000000074ae00000, 0x000000074ae00000|100%| O|  |TAMS 0x000000074ac00000| PB 0x000000074ac00000| Untracked 
|  87|0x000000074ae00000, 0x000000074b000000, 0x000000074b000000|100%| O|  |TAMS 0x000000074ae00000| PB 0x000000074ae00000| Untracked 
|  88|0x000000074b000000, 0x000000074b200000, 0x000000074b200000|100%| O|  |TAMS 0x000000074b000000| PB 0x000000074b000000| Untracked 
|  89|0x000000074b200000, 0x000000074b400000, 0x000000074b400000|100%| O|  |TAMS 0x000000074b200000| PB 0x000000074b200000| Untracked 
|  90|0x000000074b400000, 0x000000074b600000, 0x000000074b600000|100%| O|  |TAMS 0x000000074b400000| PB 0x000000074b400000| Untracked 
|  91|0x000000074b600000, 0x000000074b800000, 0x000000074b800000|100%| O|  |TAMS 0x000000074b600000| PB 0x000000074b600000| Untracked 
|  92|0x000000074b800000, 0x000000074ba00000, 0x000000074ba00000|100%|HS|  |TAMS 0x000000074b800000| PB 0x000000074b800000| Complete 
|  93|0x000000074ba00000, 0x000000074bc00000, 0x000000074bc00000|100%| O|  |TAMS 0x000000074ba00000| PB 0x000000074ba00000| Untracked 
|  94|0x000000074bc00000, 0x000000074be00000, 0x000000074be00000|100%| O|  |TAMS 0x000000074bc00000| PB 0x000000074bc00000| Untracked 
|  95|0x000000074be00000, 0x000000074c000000, 0x000000074c000000|100%| O|  |TAMS 0x000000074be00000| PB 0x000000074be00000| Untracked 
|  96|0x000000074c000000, 0x000000074c200000, 0x000000074c200000|100%| O|  |TAMS 0x000000074c000000| PB 0x000000074c000000| Untracked 
|  97|0x000000074c200000, 0x000000074c400000, 0x000000074c400000|100%| O|  |TAMS 0x000000074c200000| PB 0x000000074c200000| Untracked 
|  98|0x000000074c400000, 0x000000074c600000, 0x000000074c600000|100%| O|  |TAMS 0x000000074c400000| PB 0x000000074c400000| Untracked 
|  99|0x000000074c600000, 0x000000074c800000, 0x000000074c800000|100%| O|  |TAMS 0x000000074c600000| PB 0x000000074c600000| Untracked 
| 100|0x000000074c800000, 0x000000074ca00000, 0x000000074ca00000|100%| O|  |TAMS 0x000000074c800000| PB 0x000000074c800000| Untracked 
| 101|0x000000074ca00000, 0x000000074cc00000, 0x000000074cc00000|100%| O|  |TAMS 0x000000074ca00000| PB 0x000000074ca00000| Untracked 
| 102|0x000000074cc00000, 0x000000074ce00000, 0x000000074ce00000|100%| O|  |TAMS 0x000000074cc00000| PB 0x000000074cc00000| Untracked 
| 103|0x000000074ce00000, 0x000000074d000000, 0x000000074d000000|100%| O|  |TAMS 0x000000074ce00000| PB 0x000000074ce00000| Untracked 
| 104|0x000000074d000000, 0x000000074d200000, 0x000000074d200000|100%| O|  |TAMS 0x000000074d000000| PB 0x000000074d000000| Untracked 
| 105|0x000000074d200000, 0x000000074d400000, 0x000000074d400000|100%| O|  |TAMS 0x000000074d200000| PB 0x000000074d200000| Untracked 
| 106|0x000000074d400000, 0x000000074d600000, 0x000000074d600000|100%| O|  |TAMS 0x000000074d400000| PB 0x000000074d400000| Untracked 
| 107|0x000000074d600000, 0x000000074d800000, 0x000000074d800000|100%| O|  |TAMS 0x000000074d600000| PB 0x000000074d600000| Untracked 
| 108|0x000000074d800000, 0x000000074da00000, 0x000000074da00000|100%| O|  |TAMS 0x000000074d800000| PB 0x000000074d800000| Untracked 
| 109|0x000000074da00000, 0x000000074dc00000, 0x000000074dc00000|100%| O|  |TAMS 0x000000074da00000| PB 0x000000074da00000| Untracked 
| 110|0x000000074dc00000, 0x000000074de00000, 0x000000074de00000|100%| O|  |TAMS 0x000000074dc00000| PB 0x000000074dc00000| Untracked 
| 111|0x000000074de00000, 0x000000074e000000, 0x000000074e000000|100%| O|  |TAMS 0x000000074de00000| PB 0x000000074de00000| Untracked 
| 112|0x000000074e000000, 0x000000074e200000, 0x000000074e200000|100%| O|  |TAMS 0x000000074e000000| PB 0x000000074e000000| Untracked 
| 113|0x000000074e200000, 0x000000074e400000, 0x000000074e400000|100%| O|  |TAMS 0x000000074e200000| PB 0x000000074e200000| Untracked 
| 114|0x000000074e400000, 0x000000074e600000, 0x000000074e600000|100%| O|  |TAMS 0x000000074e400000| PB 0x000000074e400000| Untracked 
| 115|0x000000074e600000, 0x000000074e800000, 0x000000074e800000|100%| O|  |TAMS 0x000000074e600000| PB 0x000000074e600000| Untracked 
| 116|0x000000074e800000, 0x000000074ea00000, 0x000000074ea00000|100%| O|  |TAMS 0x000000074e800000| PB 0x000000074e800000| Untracked 
| 117|0x000000074ea00000, 0x000000074ec00000, 0x000000074ec00000|100%| O|  |TAMS 0x000000074ea00000| PB 0x000000074ea00000| Untracked 
| 118|0x000000074ec00000, 0x000000074ee00000, 0x000000074ee00000|100%| O|  |TAMS 0x000000074ec00000| PB 0x000000074ec00000| Untracked 
| 119|0x000000074ee00000, 0x000000074f000000, 0x000000074f000000|100%| O|  |TAMS 0x000000074ee00000| PB 0x000000074ee00000| Untracked 
| 120|0x000000074f000000, 0x000000074f200000, 0x000000074f200000|100%| O|  |TAMS 0x000000074f000000| PB 0x000000074f000000| Untracked 
| 121|0x000000074f200000, 0x000000074f400000, 0x000000074f400000|100%| O|  |TAMS 0x000000074f200000| PB 0x000000074f200000| Untracked 
| 122|0x000000074f400000, 0x000000074f600000, 0x000000074f600000|100%| O|  |TAMS 0x000000074f400000| PB 0x000000074f400000| Untracked 
| 123|0x000000074f600000, 0x000000074f800000, 0x000000074f800000|100%| O|  |TAMS 0x000000074f600000| PB 0x000000074f600000| Untracked 
| 124|0x000000074f800000, 0x000000074fa00000, 0x000000074fa00000|100%| O|  |TAMS 0x000000074f800000| PB 0x000000074f800000| Untracked 
| 125|0x000000074fa00000, 0x000000074fc00000, 0x000000074fc00000|100%| O|  |TAMS 0x000000074fa00000| PB 0x000000074fa00000| Untracked 
| 126|0x000000074fc00000, 0x000000074fe00000, 0x000000074fe00000|100%| O|  |TAMS 0x000000074fc00000| PB 0x000000074fc00000| Untracked 
| 127|0x000000074fe00000, 0x0000000750000000, 0x0000000750000000|100%| O|  |TAMS 0x000000074fe00000| PB 0x000000074fe00000| Untracked 
| 128|0x0000000750000000, 0x0000000750200000, 0x0000000750200000|100%| O|  |TAMS 0x0000000750000000| PB 0x0000000750000000| Untracked 
| 129|0x0000000750200000, 0x0000000750400000, 0x0000000750400000|100%| O|  |TAMS 0x0000000750200000| PB 0x0000000750200000| Untracked 
| 130|0x0000000750400000, 0x0000000750600000, 0x0000000750600000|100%| O|  |TAMS 0x0000000750400000| PB 0x0000000750400000| Untracked 
| 131|0x0000000750600000, 0x0000000750800000, 0x0000000750800000|100%| O|  |TAMS 0x0000000750600000| PB 0x0000000750600000| Untracked 
| 132|0x0000000750800000, 0x0000000750a00000, 0x0000000750a00000|100%| O|  |TAMS 0x0000000750800000| PB 0x0000000750800000| Untracked 
| 133|0x0000000750a00000, 0x0000000750c00000, 0x0000000750c00000|100%| O|  |TAMS 0x0000000750a00000| PB 0x0000000750a00000| Untracked 
| 134|0x0000000750c00000, 0x0000000750e00000, 0x0000000750e00000|100%| O|  |TAMS 0x0000000750c00000| PB 0x0000000750c00000| Untracked 
| 135|0x0000000750e00000, 0x0000000751000000, 0x0000000751000000|100%| O|  |TAMS 0x0000000750e00000| PB 0x0000000750e00000| Untracked 
| 136|0x0000000751000000, 0x0000000751200000, 0x0000000751200000|100%| O|  |TAMS 0x0000000751000000| PB 0x0000000751000000| Untracked 
| 137|0x0000000751200000, 0x0000000751400000, 0x0000000751400000|100%| O|  |TAMS 0x0000000751200000| PB 0x0000000751200000| Untracked 
| 138|0x0000000751400000, 0x0000000751600000, 0x0000000751600000|100%| O|  |TAMS 0x0000000751400000| PB 0x0000000751400000| Untracked 
| 139|0x0000000751600000, 0x0000000751800000, 0x0000000751800000|100%| O|  |TAMS 0x0000000751600000| PB 0x0000000751600000| Untracked 
| 140|0x0000000751800000, 0x0000000751a00000, 0x0000000751a00000|100%| O|  |TAMS 0x0000000751800000| PB 0x0000000751800000| Untracked 
| 141|0x0000000751a00000, 0x0000000751c00000, 0x0000000751c00000|100%| O|  |TAMS 0x0000000751a00000| PB 0x0000000751a00000| Untracked 
| 142|0x0000000751c00000, 0x0000000751e00000, 0x0000000751e00000|100%| O|  |TAMS 0x0000000751c00000| PB 0x0000000751c00000| Untracked 
| 143|0x0000000751e00000, 0x0000000752000000, 0x0000000752000000|100%| O|  |TAMS 0x0000000751e00000| PB 0x0000000751e00000| Untracked 
| 144|0x0000000752000000, 0x0000000752200000, 0x0000000752200000|100%| O|  |TAMS 0x0000000752000000| PB 0x0000000752000000| Untracked 
| 145|0x0000000752200000, 0x0000000752400000, 0x0000000752400000|100%| O|  |TAMS 0x0000000752200000| PB 0x0000000752200000| Untracked 
| 146|0x0000000752400000, 0x0000000752600000, 0x0000000752600000|100%| O|  |TAMS 0x0000000752400000| PB 0x0000000752400000| Untracked 
| 147|0x0000000752600000, 0x0000000752800000, 0x0000000752800000|100%| O|  |TAMS 0x0000000752600000| PB 0x0000000752600000| Untracked 
| 148|0x0000000752800000, 0x0000000752a00000, 0x0000000752a00000|100%| O|  |TAMS 0x0000000752800000| PB 0x0000000752800000| Untracked 
| 149|0x0000000752a00000, 0x0000000752c00000, 0x0000000752c00000|100%| O|  |TAMS 0x0000000752a00000| PB 0x0000000752a00000| Untracked 
| 150|0x0000000752c00000, 0x0000000752e00000, 0x0000000752e00000|100%| O|  |TAMS 0x0000000752c00000| PB 0x0000000752c00000| Untracked 
| 151|0x0000000752e00000, 0x0000000753000000, 0x0000000753000000|100%| O|  |TAMS 0x0000000752e00000| PB 0x0000000752e00000| Untracked 
| 152|0x0000000753000000, 0x0000000753200000, 0x0000000753200000|100%| O|  |TAMS 0x0000000753000000| PB 0x0000000753000000| Untracked 
| 153|0x0000000753200000, 0x0000000753400000, 0x0000000753400000|100%| O|  |TAMS 0x0000000753200000| PB 0x0000000753200000| Untracked 
| 154|0x0000000753400000, 0x0000000753600000, 0x0000000753600000|100%| O|  |TAMS 0x0000000753400000| PB 0x0000000753400000| Untracked 
| 155|0x0000000753600000, 0x0000000753800000, 0x0000000753800000|100%| O|  |TAMS 0x0000000753600000| PB 0x0000000753600000| Untracked 
| 156|0x0000000753800000, 0x0000000753a00000, 0x0000000753a00000|100%| O|  |TAMS 0x0000000753800000| PB 0x0000000753800000| Untracked 
| 157|0x0000000753a00000, 0x0000000753c00000, 0x0000000753c00000|100%| O|  |TAMS 0x0000000753a00000| PB 0x0000000753a00000| Untracked 
| 158|0x0000000753c00000, 0x0000000753e00000, 0x0000000753e00000|100%| O|  |TAMS 0x0000000753c00000| PB 0x0000000753c00000| Untracked 
| 159|0x0000000753e00000, 0x0000000754000000, 0x0000000754000000|100%| O|  |TAMS 0x0000000753e00000| PB 0x0000000753e00000| Untracked 
| 160|0x0000000754000000, 0x0000000754200000, 0x0000000754200000|100%| O|  |TAMS 0x0000000754000000| PB 0x0000000754000000| Untracked 
| 161|0x0000000754200000, 0x0000000754400000, 0x0000000754400000|100%| O|  |TAMS 0x0000000754200000| PB 0x0000000754200000| Untracked 
| 162|0x0000000754400000, 0x0000000754600000, 0x0000000754600000|100%| O|  |TAMS 0x0000000754400000| PB 0x0000000754400000| Untracked 
| 163|0x0000000754600000, 0x0000000754800000, 0x0000000754800000|100%| O|  |TAMS 0x0000000754600000| PB 0x0000000754600000| Untracked 
| 164|0x0000000754800000, 0x0000000754a00000, 0x0000000754a00000|100%| O|  |TAMS 0x0000000754800000| PB 0x0000000754800000| Untracked 
| 165|0x0000000754a00000, 0x0000000754c00000, 0x0000000754c00000|100%| O|  |TAMS 0x0000000754a00000| PB 0x0000000754a00000| Untracked 
| 166|0x0000000754c00000, 0x0000000754e00000, 0x0000000754e00000|100%| O|  |TAMS 0x0000000754c00000| PB 0x0000000754c00000| Untracked 
| 167|0x0000000754e00000, 0x0000000755000000, 0x0000000755000000|100%| O|  |TAMS 0x0000000754e00000| PB 0x0000000754e00000| Untracked 
| 168|0x0000000755000000, 0x0000000755200000, 0x0000000755200000|100%| O|  |TAMS 0x0000000755000000| PB 0x0000000755000000| Untracked 
| 169|0x0000000755200000, 0x0000000755400000, 0x0000000755400000|100%| O|  |TAMS 0x0000000755200000| PB 0x0000000755200000| Untracked 
| 170|0x0000000755400000, 0x0000000755600000, 0x0000000755600000|100%| O|  |TAMS 0x0000000755400000| PB 0x0000000755400000| Untracked 
| 171|0x0000000755600000, 0x0000000755800000, 0x0000000755800000|100%| O|  |TAMS 0x0000000755600000| PB 0x0000000755600000| Untracked 
| 172|0x0000000755800000, 0x0000000755a00000, 0x0000000755a00000|100%| O|  |TAMS 0x0000000755800000| PB 0x0000000755800000| Untracked 
| 173|0x0000000755a00000, 0x0000000755c00000, 0x0000000755c00000|100%| O|  |TAMS 0x0000000755a00000| PB 0x0000000755a00000| Untracked 
| 174|0x0000000755c00000, 0x0000000755e00000, 0x0000000755e00000|100%| O|  |TAMS 0x0000000755c00000| PB 0x0000000755c00000| Untracked 
| 175|0x0000000755e00000, 0x0000000756000000, 0x0000000756000000|100%| O|  |TAMS 0x0000000755e00000| PB 0x0000000755e00000| Untracked 
| 176|0x0000000756000000, 0x0000000756200000, 0x0000000756200000|100%| O|  |TAMS 0x0000000756000000| PB 0x0000000756000000| Untracked 
| 177|0x0000000756200000, 0x0000000756400000, 0x0000000756400000|100%| O|  |TAMS 0x0000000756200000| PB 0x0000000756200000| Untracked 
| 178|0x0000000756400000, 0x0000000756600000, 0x0000000756600000|100%| O|  |TAMS 0x0000000756400000| PB 0x0000000756400000| Untracked 
| 179|0x0000000756600000, 0x0000000756800000, 0x0000000756800000|100%| O|  |TAMS 0x0000000756600000| PB 0x0000000756600000| Untracked 
| 180|0x0000000756800000, 0x0000000756a00000, 0x0000000756a00000|100%| O|  |TAMS 0x0000000756800000| PB 0x0000000756800000| Untracked 
| 181|0x0000000756a00000, 0x0000000756c00000, 0x0000000756c00000|100%| O|  |TAMS 0x0000000756a00000| PB 0x0000000756a00000| Untracked 
| 182|0x0000000756c00000, 0x0000000756e00000, 0x0000000756e00000|100%| O|  |TAMS 0x0000000756c00000| PB 0x0000000756c00000| Untracked 
| 183|0x0000000756e00000, 0x0000000757000000, 0x0000000757000000|100%| O|  |TAMS 0x0000000756e00000| PB 0x0000000756e00000| Untracked 
| 184|0x0000000757000000, 0x0000000757200000, 0x0000000757200000|100%|HS|  |TAMS 0x0000000757000000| PB 0x0000000757000000| Complete 
| 185|0x0000000757200000, 0x0000000757400000, 0x0000000757400000|100%| O|  |TAMS 0x0000000757200000| PB 0x0000000757200000| Untracked 
| 186|0x0000000757400000, 0x0000000757600000, 0x0000000757600000|100%| O|  |TAMS 0x0000000757400000| PB 0x0000000757400000| Untracked 
| 187|0x0000000757600000, 0x0000000757800000, 0x0000000757800000|100%| O|  |TAMS 0x0000000757600000| PB 0x0000000757600000| Untracked 
| 188|0x0000000757800000, 0x0000000757a00000, 0x0000000757a00000|100%| O|  |TAMS 0x0000000757800000| PB 0x0000000757800000| Untracked 
| 189|0x0000000757a00000, 0x0000000757c00000, 0x0000000757c00000|100%| O|  |TAMS 0x0000000757a00000| PB 0x0000000757a00000| Untracked 
| 190|0x0000000757c00000, 0x0000000757e00000, 0x0000000757e00000|100%| O|  |TAMS 0x0000000757c00000| PB 0x0000000757c00000| Untracked 
| 191|0x0000000757e00000, 0x0000000758000000, 0x0000000758000000|100%| O|  |TAMS 0x0000000757e00000| PB 0x0000000757e00000| Untracked 
| 192|0x0000000758000000, 0x0000000758200000, 0x0000000758200000|100%| O|  |TAMS 0x0000000758000000| PB 0x0000000758000000| Untracked 
| 193|0x0000000758200000, 0x0000000758400000, 0x0000000758400000|100%| O|  |TAMS 0x0000000758200000| PB 0x0000000758200000| Untracked 
| 194|0x0000000758400000, 0x0000000758600000, 0x0000000758600000|100%| O|  |TAMS 0x0000000758400000| PB 0x0000000758400000| Untracked 
| 195|0x0000000758600000, 0x0000000758800000, 0x0000000758800000|100%| O|  |TAMS 0x0000000758600000| PB 0x0000000758600000| Untracked 
| 196|0x0000000758800000, 0x0000000758a00000, 0x0000000758a00000|100%| O|  |TAMS 0x0000000758800000| PB 0x0000000758800000| Untracked 
| 197|0x0000000758a00000, 0x0000000758c00000, 0x0000000758c00000|100%| O|  |TAMS 0x0000000758a00000| PB 0x0000000758a00000| Untracked 
| 198|0x0000000758c00000, 0x0000000758e00000, 0x0000000758e00000|100%| O|  |TAMS 0x0000000758c00000| PB 0x0000000758c00000| Untracked 
| 199|0x0000000758e00000, 0x0000000759000000, 0x0000000759000000|100%| O|  |TAMS 0x0000000758e00000| PB 0x0000000758e00000| Untracked 
| 200|0x0000000759000000, 0x0000000759200000, 0x0000000759200000|100%| O|  |TAMS 0x0000000759000000| PB 0x0000000759000000| Untracked 
| 201|0x0000000759200000, 0x0000000759400000, 0x0000000759400000|100%| O|  |TAMS 0x0000000759200000| PB 0x0000000759200000| Untracked 
| 202|0x0000000759400000, 0x0000000759600000, 0x0000000759600000|100%| O|  |TAMS 0x0000000759400000| PB 0x0000000759400000| Untracked 
| 203|0x0000000759600000, 0x0000000759800000, 0x0000000759800000|100%| O|  |TAMS 0x0000000759600000| PB 0x0000000759600000| Untracked 
| 204|0x0000000759800000, 0x0000000759800000, 0x0000000759a00000|  0%| F|  |TAMS 0x0000000759800000| PB 0x0000000759800000| Untracked 
| 205|0x0000000759a00000, 0x0000000759a00000, 0x0000000759c00000|  0%| F|  |TAMS 0x0000000759a00000| PB 0x0000000759a00000| Untracked 
| 206|0x0000000759c00000, 0x0000000759c00000, 0x0000000759e00000|  0%| F|  |TAMS 0x0000000759c00000| PB 0x0000000759c00000| Untracked 
| 207|0x0000000759e00000, 0x0000000759e00000, 0x000000075a000000|  0%| F|  |TAMS 0x0000000759e00000| PB 0x0000000759e00000| Untracked 
| 208|0x000000075a000000, 0x000000075a000000, 0x000000075a200000|  0%| F|  |TAMS 0x000000075a000000| PB 0x000000075a000000| Untracked 
| 209|0x000000075a200000, 0x000000075a200000, 0x000000075a400000|  0%| F|  |TAMS 0x000000075a200000| PB 0x000000075a200000| Untracked 
| 210|0x000000075a400000, 0x000000075a400000, 0x000000075a600000|  0%| F|  |TAMS 0x000000075a400000| PB 0x000000075a400000| Untracked 
| 211|0x000000075a600000, 0x000000075a600000, 0x000000075a800000|  0%| F|  |TAMS 0x000000075a600000| PB 0x000000075a600000| Untracked 
| 212|0x000000075a800000, 0x000000075a800000, 0x000000075aa00000|  0%| F|  |TAMS 0x000000075a800000| PB 0x000000075a800000| Untracked 
| 213|0x000000075aa00000, 0x000000075ac00000, 0x000000075ac00000|100%| O|  |TAMS 0x000000075aa00000| PB 0x000000075aa00000| Untracked 
| 214|0x000000075ac00000, 0x000000075ae00000, 0x000000075ae00000|100%| O|  |TAMS 0x000000075ac00000| PB 0x000000075ac00000| Untracked 
| 215|0x000000075ae00000, 0x000000075b000000, 0x000000075b000000|100%| O|  |TAMS 0x000000075ae00000| PB 0x000000075ae00000| Untracked 
| 216|0x000000075b000000, 0x000000075b200000, 0x000000075b200000|100%| O|  |TAMS 0x000000075b000000| PB 0x000000075b000000| Untracked 
| 217|0x000000075b200000, 0x000000075b400000, 0x000000075b400000|100%| O|  |TAMS 0x000000075b200000| PB 0x000000075b200000| Untracked 
| 218|0x000000075b400000, 0x000000075b600000, 0x000000075b600000|100%| O|  |TAMS 0x000000075b400000| PB 0x000000075b400000| Untracked 
| 219|0x000000075b600000, 0x000000075b800000, 0x000000075b800000|100%| O|  |TAMS 0x000000075b600000| PB 0x000000075b600000| Untracked 
| 220|0x000000075b800000, 0x000000075ba00000, 0x000000075ba00000|100%| O|  |TAMS 0x000000075b800000| PB 0x000000075b800000| Untracked 
| 221|0x000000075ba00000, 0x000000075bc00000, 0x000000075bc00000|100%| O|  |TAMS 0x000000075ba00000| PB 0x000000075ba00000| Untracked 
| 222|0x000000075bc00000, 0x000000075be00000, 0x000000075be00000|100%| O|  |TAMS 0x000000075bc00000| PB 0x000000075bc00000| Untracked 
| 223|0x000000075be00000, 0x000000075c000000, 0x000000075c000000|100%| O|  |TAMS 0x000000075be00000| PB 0x000000075be00000| Untracked 
| 224|0x000000075c000000, 0x000000075c200000, 0x000000075c200000|100%| O|  |TAMS 0x000000075c000000| PB 0x000000075c000000| Untracked 
| 225|0x000000075c200000, 0x000000075c400000, 0x000000075c400000|100%| O|  |TAMS 0x000000075c200000| PB 0x000000075c200000| Untracked 
| 226|0x000000075c400000, 0x000000075c600000, 0x000000075c600000|100%| O|  |TAMS 0x000000075c400000| PB 0x000000075c400000| Untracked 
| 227|0x000000075c600000, 0x000000075c600000, 0x000000075c800000|  0%| F|  |TAMS 0x000000075c600000| PB 0x000000075c600000| Untracked 
| 228|0x000000075c800000, 0x000000075c800000, 0x000000075ca00000|  0%| F|  |TAMS 0x000000075c800000| PB 0x000000075c800000| Untracked 
| 229|0x000000075ca00000, 0x000000075ca00000, 0x000000075cc00000|  0%| F|  |TAMS 0x000000075ca00000| PB 0x000000075ca00000| Untracked 
| 230|0x000000075cc00000, 0x000000075cc00000, 0x000000075ce00000|  0%| F|  |TAMS 0x000000075cc00000| PB 0x000000075cc00000| Untracked 
| 231|0x000000075ce00000, 0x000000075ce00000, 0x000000075d000000|  0%| F|  |TAMS 0x000000075ce00000| PB 0x000000075ce00000| Untracked 
| 232|0x000000075d000000, 0x000000075d000000, 0x000000075d200000|  0%| F|  |TAMS 0x000000075d000000| PB 0x000000075d000000| Untracked 
| 233|0x000000075d200000, 0x000000075d400000, 0x000000075d400000|100%| O|  |TAMS 0x000000075d200000| PB 0x000000075d200000| Untracked 
| 234|0x000000075d400000, 0x000000075d600000, 0x000000075d600000|100%| O|  |TAMS 0x000000075d400000| PB 0x000000075d400000| Untracked 
| 235|0x000000075d600000, 0x000000075d800000, 0x000000075d800000|100%| O|  |TAMS 0x000000075d600000| PB 0x000000075d600000| Untracked 
| 236|0x000000075d800000, 0x000000075d800000, 0x000000075da00000|  0%| F|  |TAMS 0x000000075d800000| PB 0x000000075d800000| Untracked 
| 237|0x000000075da00000, 0x000000075da00000, 0x000000075dc00000|  0%| F|  |TAMS 0x000000075da00000| PB 0x000000075da00000| Untracked 
| 238|0x000000075dc00000, 0x000000075dc00000, 0x000000075de00000|  0%| F|  |TAMS 0x000000075dc00000| PB 0x000000075dc00000| Untracked 
| 239|0x000000075de00000, 0x000000075de00000, 0x000000075e000000|  0%| F|  |TAMS 0x000000075de00000| PB 0x000000075de00000| Untracked 
| 240|0x000000075e000000, 0x000000075e000000, 0x000000075e200000|  0%| F|  |TAMS 0x000000075e000000| PB 0x000000075e000000| Untracked 
| 241|0x000000075e200000, 0x000000075e200000, 0x000000075e400000|  0%| F|  |TAMS 0x000000075e200000| PB 0x000000075e200000| Untracked 
| 242|0x000000075e400000, 0x000000075e400000, 0x000000075e600000|  0%| F|  |TAMS 0x000000075e400000| PB 0x000000075e400000| Untracked 
| 243|0x000000075e600000, 0x000000075e600000, 0x000000075e800000|  0%| F|  |TAMS 0x000000075e600000| PB 0x000000075e600000| Untracked 
| 244|0x000000075e800000, 0x000000075e800000, 0x000000075ea00000|  0%| F|  |TAMS 0x000000075e800000| PB 0x000000075e800000| Untracked 
| 245|0x000000075ea00000, 0x000000075ea00000, 0x000000075ec00000|  0%| F|  |TAMS 0x000000075ea00000| PB 0x000000075ea00000| Untracked 
| 246|0x000000075ec00000, 0x000000075ec00000, 0x000000075ee00000|  0%| F|  |TAMS 0x000000075ec00000| PB 0x000000075ec00000| Untracked 
| 247|0x000000075ee00000, 0x000000075ee00000, 0x000000075f000000|  0%| F|  |TAMS 0x000000075ee00000| PB 0x000000075ee00000| Untracked 
| 248|0x000000075f000000, 0x000000075f000000, 0x000000075f200000|  0%| F|  |TAMS 0x000000075f000000| PB 0x000000075f000000| Untracked 
| 249|0x000000075f200000, 0x000000075f200000, 0x000000075f400000|  0%| F|  |TAMS 0x000000075f200000| PB 0x000000075f200000| Untracked 
| 250|0x000000075f400000, 0x000000075f400000, 0x000000075f600000|  0%| F|  |TAMS 0x000000075f400000| PB 0x000000075f400000| Untracked 
| 251|0x000000075f600000, 0x000000075f600000, 0x000000075f800000|  0%| F|  |TAMS 0x000000075f600000| PB 0x000000075f600000| Untracked 
| 252|0x000000075f800000, 0x000000075f800000, 0x000000075fa00000|  0%| F|  |TAMS 0x000000075f800000| PB 0x000000075f800000| Untracked 
| 253|0x000000075fa00000, 0x000000075fa00000, 0x000000075fc00000|  0%| F|  |TAMS 0x000000075fa00000| PB 0x000000075fa00000| Untracked 
| 254|0x000000075fc00000, 0x000000075fc00000, 0x000000075fe00000|  0%| F|  |TAMS 0x000000075fc00000| PB 0x000000075fc00000| Untracked 
| 255|0x000000075fe00000, 0x000000075fe00000, 0x0000000760000000|  0%| F|  |TAMS 0x000000075fe00000| PB 0x000000075fe00000| Untracked 
| 256|0x0000000760000000, 0x0000000760200000, 0x0000000760200000|100%| O|  |TAMS 0x0000000760000000| PB 0x0000000760000000| Untracked 
| 257|0x0000000760200000, 0x0000000760400000, 0x0000000760400000|100%| O|  |TAMS 0x0000000760200000| PB 0x0000000760200000| Untracked 
| 258|0x0000000760400000, 0x0000000760600000, 0x0000000760600000|100%| O|  |TAMS 0x0000000760400000| PB 0x0000000760400000| Untracked 
| 259|0x0000000760600000, 0x0000000760800000, 0x0000000760800000|100%| O|  |TAMS 0x0000000760600000| PB 0x0000000760600000| Untracked 
| 260|0x0000000760800000, 0x0000000760a00000, 0x0000000760a00000|100%| O|  |TAMS 0x0000000760800000| PB 0x0000000760800000| Untracked 
| 261|0x0000000760a00000, 0x0000000760c00000, 0x0000000760c00000|100%| O|  |TAMS 0x0000000760a00000| PB 0x0000000760a00000| Untracked 
| 262|0x0000000760c00000, 0x0000000760e00000, 0x0000000760e00000|100%| O|  |TAMS 0x0000000760c00000| PB 0x0000000760c00000| Untracked 
| 263|0x0000000760e00000, 0x0000000761000000, 0x0000000761000000|100%| O|  |TAMS 0x0000000760e00000| PB 0x0000000760e00000| Untracked 
| 264|0x0000000761000000, 0x0000000761200000, 0x0000000761200000|100%| O|  |TAMS 0x0000000761000000| PB 0x0000000761000000| Untracked 
| 265|0x0000000761200000, 0x0000000761400000, 0x0000000761400000|100%| O|  |TAMS 0x0000000761200000| PB 0x0000000761200000| Untracked 
| 266|0x0000000761400000, 0x0000000761600000, 0x0000000761600000|100%| O|  |TAMS 0x0000000761400000| PB 0x0000000761400000| Untracked 
| 267|0x0000000761600000, 0x0000000761800000, 0x0000000761800000|100%| O|  |TAMS 0x0000000761600000| PB 0x0000000761600000| Untracked 
| 268|0x0000000761800000, 0x0000000761a00000, 0x0000000761a00000|100%| O|  |TAMS 0x0000000761800000| PB 0x0000000761800000| Untracked 
| 269|0x0000000761a00000, 0x0000000761c00000, 0x0000000761c00000|100%| O|  |TAMS 0x0000000761a00000| PB 0x0000000761a00000| Untracked 
| 270|0x0000000761c00000, 0x0000000761e00000, 0x0000000761e00000|100%| O|  |TAMS 0x0000000761c00000| PB 0x0000000761c00000| Untracked 
| 271|0x0000000761e00000, 0x0000000762000000, 0x0000000762000000|100%| O|  |TAMS 0x0000000761e00000| PB 0x0000000761e00000| Untracked 
| 272|0x0000000762000000, 0x0000000762200000, 0x0000000762200000|100%| O|  |TAMS 0x0000000762000000| PB 0x0000000762000000| Untracked 
| 273|0x0000000762200000, 0x0000000762400000, 0x0000000762400000|100%| O|  |TAMS 0x0000000762200000| PB 0x0000000762200000| Untracked 
| 274|0x0000000762400000, 0x0000000762600000, 0x0000000762600000|100%| O|  |TAMS 0x0000000762400000| PB 0x0000000762400000| Untracked 
| 275|0x0000000762600000, 0x0000000762800000, 0x0000000762800000|100%| O|  |TAMS 0x0000000762600000| PB 0x0000000762600000| Untracked 
| 276|0x0000000762800000, 0x0000000762a00000, 0x0000000762a00000|100%| O|  |TAMS 0x0000000762800000| PB 0x0000000762800000| Untracked 
| 277|0x0000000762a00000, 0x0000000762c00000, 0x0000000762c00000|100%| O|  |TAMS 0x0000000762a00000| PB 0x0000000762a00000| Untracked 
| 278|0x0000000762c00000, 0x0000000762e00000, 0x0000000762e00000|100%| O|  |TAMS 0x0000000762c00000| PB 0x0000000762c00000| Untracked 
| 279|0x0000000762e00000, 0x0000000763000000, 0x0000000763000000|100%| O|  |TAMS 0x0000000762e00000| PB 0x0000000762e00000| Untracked 
| 280|0x0000000763000000, 0x0000000763200000, 0x0000000763200000|100%| O|  |TAMS 0x0000000763000000| PB 0x0000000763000000| Untracked 
| 281|0x0000000763200000, 0x0000000763400000, 0x0000000763400000|100%| O|  |TAMS 0x0000000763200000| PB 0x0000000763200000| Untracked 
| 282|0x0000000763400000, 0x0000000763600000, 0x0000000763600000|100%| O|  |TAMS 0x0000000763400000| PB 0x0000000763400000| Untracked 
| 283|0x0000000763600000, 0x0000000763800000, 0x0000000763800000|100%| O|  |TAMS 0x0000000763600000| PB 0x0000000763600000| Untracked 
| 284|0x0000000763800000, 0x0000000763a00000, 0x0000000763a00000|100%| O|  |TAMS 0x0000000763800000| PB 0x0000000763800000| Untracked 
| 285|0x0000000763a00000, 0x0000000763c00000, 0x0000000763c00000|100%| O|  |TAMS 0x0000000763a00000| PB 0x0000000763a00000| Untracked 
| 286|0x0000000763c00000, 0x0000000763e00000, 0x0000000763e00000|100%| O|  |TAMS 0x0000000763c00000| PB 0x0000000763c00000| Untracked 
| 287|0x0000000763e00000, 0x0000000764000000, 0x0000000764000000|100%| O|  |TAMS 0x0000000763e00000| PB 0x0000000763e00000| Untracked 
| 288|0x0000000764000000, 0x0000000764200000, 0x0000000764200000|100%| O|  |TAMS 0x0000000764000000| PB 0x0000000764000000| Untracked 
| 289|0x0000000764200000, 0x0000000764400000, 0x0000000764400000|100%| O|  |TAMS 0x0000000764200000| PB 0x0000000764200000| Untracked 
| 290|0x0000000764400000, 0x0000000764600000, 0x0000000764600000|100%| O|  |TAMS 0x0000000764400000| PB 0x0000000764400000| Untracked 
| 291|0x0000000764600000, 0x0000000764700000, 0x0000000764800000| 50%| O|  |TAMS 0x0000000764600000| PB 0x0000000764600000| Untracked 
| 292|0x0000000764800000, 0x0000000764800000, 0x0000000764a00000|  0%| F|  |TAMS 0x0000000764800000| PB 0x0000000764800000| Untracked 
| 293|0x0000000764a00000, 0x0000000764a00000, 0x0000000764c00000|  0%| F|  |TAMS 0x0000000764a00000| PB 0x0000000764a00000| Untracked 
| 294|0x0000000764c00000, 0x0000000764c00000, 0x0000000764e00000|  0%| F|  |TAMS 0x0000000764c00000| PB 0x0000000764c00000| Untracked 
| 295|0x0000000764e00000, 0x0000000764e00000, 0x0000000765000000|  0%| F|  |TAMS 0x0000000764e00000| PB 0x0000000764e00000| Untracked 
| 296|0x0000000765000000, 0x0000000765000000, 0x0000000765200000|  0%| F|  |TAMS 0x0000000765000000| PB 0x0000000765000000| Untracked 
| 297|0x0000000765200000, 0x0000000765200000, 0x0000000765400000|  0%| F|  |TAMS 0x0000000765200000| PB 0x0000000765200000| Untracked 
| 298|0x0000000765400000, 0x0000000765400000, 0x0000000765600000|  0%| F|  |TAMS 0x0000000765400000| PB 0x0000000765400000| Untracked 
| 299|0x0000000765600000, 0x0000000765600000, 0x0000000765800000|  0%| F|  |TAMS 0x0000000765600000| PB 0x0000000765600000| Untracked 
| 300|0x0000000765800000, 0x0000000765800000, 0x0000000765a00000|  0%| F|  |TAMS 0x0000000765800000| PB 0x0000000765800000| Untracked 
| 301|0x0000000765a00000, 0x0000000765a00000, 0x0000000765c00000|  0%| F|  |TAMS 0x0000000765a00000| PB 0x0000000765a00000| Untracked 
| 302|0x0000000765c00000, 0x0000000765c00000, 0x0000000765e00000|  0%| F|  |TAMS 0x0000000765c00000| PB 0x0000000765c00000| Untracked 
| 303|0x0000000765e00000, 0x0000000765e00000, 0x0000000766000000|  0%| F|  |TAMS 0x0000000765e00000| PB 0x0000000765e00000| Untracked 
| 304|0x0000000766000000, 0x0000000766000000, 0x0000000766200000|  0%| F|  |TAMS 0x0000000766000000| PB 0x0000000766000000| Untracked 
| 305|0x0000000766200000, 0x0000000766200000, 0x0000000766400000|  0%| F|  |TAMS 0x0000000766200000| PB 0x0000000766200000| Untracked 
| 306|0x0000000766400000, 0x0000000766400000, 0x0000000766600000|  0%| F|  |TAMS 0x0000000766400000| PB 0x0000000766400000| Untracked 
| 307|0x0000000766600000, 0x0000000766600000, 0x0000000766800000|  0%| F|  |TAMS 0x0000000766600000| PB 0x0000000766600000| Untracked 
| 308|0x0000000766800000, 0x0000000766800000, 0x0000000766a00000|  0%| F|  |TAMS 0x0000000766800000| PB 0x0000000766800000| Untracked 
| 309|0x0000000766a00000, 0x0000000766a00000, 0x0000000766c00000|  0%| F|  |TAMS 0x0000000766a00000| PB 0x0000000766a00000| Untracked 
| 310|0x0000000766c00000, 0x0000000766c00000, 0x0000000766e00000|  0%| F|  |TAMS 0x0000000766c00000| PB 0x0000000766c00000| Untracked 
| 311|0x0000000766e00000, 0x0000000766e00000, 0x0000000767000000|  0%| F|  |TAMS 0x0000000766e00000| PB 0x0000000766e00000| Untracked 
| 312|0x0000000767000000, 0x0000000767000000, 0x0000000767200000|  0%| F|  |TAMS 0x0000000767000000| PB 0x0000000767000000| Untracked 
| 313|0x0000000767200000, 0x0000000767200000, 0x0000000767400000|  0%| F|  |TAMS 0x0000000767200000| PB 0x0000000767200000| Untracked 
| 314|0x0000000767400000, 0x0000000767400000, 0x0000000767600000|  0%| F|  |TAMS 0x0000000767400000| PB 0x0000000767400000| Untracked 
| 315|0x0000000767600000, 0x0000000767600000, 0x0000000767800000|  0%| F|  |TAMS 0x0000000767600000| PB 0x0000000767600000| Untracked 
| 316|0x0000000767800000, 0x0000000767800000, 0x0000000767a00000|  0%| F|  |TAMS 0x0000000767800000| PB 0x0000000767800000| Untracked 
| 317|0x0000000767a00000, 0x0000000767a00000, 0x0000000767c00000|  0%| F|  |TAMS 0x0000000767a00000| PB 0x0000000767a00000| Untracked 
| 318|0x0000000767c00000, 0x0000000767c00000, 0x0000000767e00000|  0%| F|  |TAMS 0x0000000767c00000| PB 0x0000000767c00000| Untracked 
| 319|0x0000000767e00000, 0x0000000767e00000, 0x0000000768000000|  0%| F|  |TAMS 0x0000000767e00000| PB 0x0000000767e00000| Untracked 
| 320|0x0000000768000000, 0x0000000768000000, 0x0000000768200000|  0%| F|  |TAMS 0x0000000768000000| PB 0x0000000768000000| Untracked 
| 321|0x0000000768200000, 0x0000000768200000, 0x0000000768400000|  0%| F|  |TAMS 0x0000000768200000| PB 0x0000000768200000| Untracked 
| 322|0x0000000768400000, 0x0000000768400000, 0x0000000768600000|  0%| F|  |TAMS 0x0000000768400000| PB 0x0000000768400000| Untracked 
| 323|0x0000000768600000, 0x0000000768600000, 0x0000000768800000|  0%| F|  |TAMS 0x0000000768600000| PB 0x0000000768600000| Untracked 
| 324|0x0000000768800000, 0x0000000768800000, 0x0000000768a00000|  0%| F|  |TAMS 0x0000000768800000| PB 0x0000000768800000| Untracked 
| 325|0x0000000768a00000, 0x0000000768a00000, 0x0000000768c00000|  0%| F|  |TAMS 0x0000000768a00000| PB 0x0000000768a00000| Untracked 
| 326|0x0000000768c00000, 0x0000000768c00000, 0x0000000768e00000|  0%| F|  |TAMS 0x0000000768c00000| PB 0x0000000768c00000| Untracked 
| 327|0x0000000768e00000, 0x0000000768e00000, 0x0000000769000000|  0%| F|  |TAMS 0x0000000768e00000| PB 0x0000000768e00000| Untracked 
| 328|0x0000000769000000, 0x0000000769000000, 0x0000000769200000|  0%| F|  |TAMS 0x0000000769000000| PB 0x0000000769000000| Untracked 
| 329|0x0000000769200000, 0x0000000769200000, 0x0000000769400000|  0%| F|  |TAMS 0x0000000769200000| PB 0x0000000769200000| Untracked 
| 330|0x0000000769400000, 0x0000000769400000, 0x0000000769600000|  0%| F|  |TAMS 0x0000000769400000| PB 0x0000000769400000| Untracked 
| 331|0x0000000769600000, 0x0000000769600000, 0x0000000769800000|  0%| F|  |TAMS 0x0000000769600000| PB 0x0000000769600000| Untracked 
| 332|0x0000000769800000, 0x0000000769800000, 0x0000000769a00000|  0%| F|  |TAMS 0x0000000769800000| PB 0x0000000769800000| Untracked 
| 333|0x0000000769a00000, 0x0000000769a00000, 0x0000000769c00000|  0%| F|  |TAMS 0x0000000769a00000| PB 0x0000000769a00000| Untracked 
| 334|0x0000000769c00000, 0x0000000769c00000, 0x0000000769e00000|  0%| F|  |TAMS 0x0000000769c00000| PB 0x0000000769c00000| Untracked 
| 335|0x0000000769e00000, 0x0000000769e00000, 0x000000076a000000|  0%| F|  |TAMS 0x0000000769e00000| PB 0x0000000769e00000| Untracked 
| 336|0x000000076a000000, 0x000000076a000000, 0x000000076a200000|  0%| F|  |TAMS 0x000000076a000000| PB 0x000000076a000000| Untracked 
| 337|0x000000076a200000, 0x000000076a200000, 0x000000076a400000|  0%| F|  |TAMS 0x000000076a200000| PB 0x000000076a200000| Untracked 
| 338|0x000000076a400000, 0x000000076a400000, 0x000000076a600000|  0%| F|  |TAMS 0x000000076a400000| PB 0x000000076a400000| Untracked 
| 339|0x000000076a600000, 0x000000076a600000, 0x000000076a800000|  0%| F|  |TAMS 0x000000076a600000| PB 0x000000076a600000| Untracked 
| 340|0x000000076a800000, 0x000000076a800000, 0x000000076aa00000|  0%| F|  |TAMS 0x000000076a800000| PB 0x000000076a800000| Untracked 
| 341|0x000000076aa00000, 0x000000076aa00000, 0x000000076ac00000|  0%| F|  |TAMS 0x000000076aa00000| PB 0x000000076aa00000| Untracked 
| 342|0x000000076ac00000, 0x000000076ac00000, 0x000000076ae00000|  0%| F|  |TAMS 0x000000076ac00000| PB 0x000000076ac00000| Untracked 
| 343|0x000000076ae00000, 0x000000076ae00000, 0x000000076b000000|  0%| F|  |TAMS 0x000000076ae00000| PB 0x000000076ae00000| Untracked 
| 344|0x000000076b000000, 0x000000076b000000, 0x000000076b200000|  0%| F|  |TAMS 0x000000076b000000| PB 0x000000076b000000| Untracked 
| 345|0x000000076b200000, 0x000000076b200000, 0x000000076b400000|  0%| F|  |TAMS 0x000000076b200000| PB 0x000000076b200000| Untracked 
| 346|0x000000076b400000, 0x000000076b400000, 0x000000076b600000|  0%| F|  |TAMS 0x000000076b400000| PB 0x000000076b400000| Untracked 
| 347|0x000000076b600000, 0x000000076b600000, 0x000000076b800000|  0%| F|  |TAMS 0x000000076b600000| PB 0x000000076b600000| Untracked 
| 348|0x000000076b800000, 0x000000076b800000, 0x000000076ba00000|  0%| F|  |TAMS 0x000000076b800000| PB 0x000000076b800000| Untracked 
| 349|0x000000076ba00000, 0x000000076ba00000, 0x000000076bc00000|  0%| F|  |TAMS 0x000000076ba00000| PB 0x000000076ba00000| Untracked 
| 350|0x000000076bc00000, 0x000000076bc00000, 0x000000076be00000|  0%| F|  |TAMS 0x000000076bc00000| PB 0x000000076bc00000| Untracked 
| 351|0x000000076be00000, 0x000000076be00000, 0x000000076c000000|  0%| F|  |TAMS 0x000000076be00000| PB 0x000000076be00000| Untracked 
| 352|0x000000076c000000, 0x000000076c000000, 0x000000076c200000|  0%| F|  |TAMS 0x000000076c000000| PB 0x000000076c000000| Untracked 
| 353|0x000000076c200000, 0x000000076c200000, 0x000000076c400000|  0%| F|  |TAMS 0x000000076c200000| PB 0x000000076c200000| Untracked 
| 354|0x000000076c400000, 0x000000076c400000, 0x000000076c600000|  0%| F|  |TAMS 0x000000076c400000| PB 0x000000076c400000| Untracked 
| 355|0x000000076c600000, 0x000000076c600000, 0x000000076c800000|  0%| F|  |TAMS 0x000000076c600000| PB 0x000000076c600000| Untracked 
| 356|0x000000076c800000, 0x000000076c800000, 0x000000076ca00000|  0%| F|  |TAMS 0x000000076c800000| PB 0x000000076c800000| Untracked 
| 357|0x000000076ca00000, 0x000000076ca00000, 0x000000076cc00000|  0%| F|  |TAMS 0x000000076ca00000| PB 0x000000076ca00000| Untracked 
| 358|0x000000076cc00000, 0x000000076cc00000, 0x000000076ce00000|  0%| F|  |TAMS 0x000000076cc00000| PB 0x000000076cc00000| Untracked 
| 359|0x000000076ce00000, 0x000000076ce00000, 0x000000076d000000|  0%| F|  |TAMS 0x000000076ce00000| PB 0x000000076ce00000| Untracked 
| 360|0x000000076d000000, 0x000000076d000000, 0x000000076d200000|  0%| F|  |TAMS 0x000000076d000000| PB 0x000000076d000000| Untracked 
| 361|0x000000076d200000, 0x000000076d200000, 0x000000076d400000|  0%| F|  |TAMS 0x000000076d200000| PB 0x000000076d200000| Untracked 
| 362|0x000000076d400000, 0x000000076d400000, 0x000000076d600000|  0%| F|  |TAMS 0x000000076d400000| PB 0x000000076d400000| Untracked 
| 363|0x000000076d600000, 0x000000076d600000, 0x000000076d800000|  0%| F|  |TAMS 0x000000076d600000| PB 0x000000076d600000| Untracked 
| 364|0x000000076d800000, 0x000000076d800000, 0x000000076da00000|  0%| F|  |TAMS 0x000000076d800000| PB 0x000000076d800000| Untracked 
| 365|0x000000076da00000, 0x000000076da00000, 0x000000076dc00000|  0%| F|  |TAMS 0x000000076da00000| PB 0x000000076da00000| Untracked 
| 366|0x000000076dc00000, 0x000000076dc00000, 0x000000076de00000|  0%| F|  |TAMS 0x000000076dc00000| PB 0x000000076dc00000| Untracked 
| 367|0x000000076de00000, 0x000000076de00000, 0x000000076e000000|  0%| F|  |TAMS 0x000000076de00000| PB 0x000000076de00000| Untracked 
| 368|0x000000076e000000, 0x000000076e000000, 0x000000076e200000|  0%| F|  |TAMS 0x000000076e000000| PB 0x000000076e000000| Untracked 
| 369|0x000000076e200000, 0x000000076e200000, 0x000000076e400000|  0%| F|  |TAMS 0x000000076e200000| PB 0x000000076e200000| Untracked 
| 370|0x000000076e400000, 0x000000076e400000, 0x000000076e600000|  0%| F|  |TAMS 0x000000076e400000| PB 0x000000076e400000| Untracked 
| 371|0x000000076e600000, 0x000000076e600000, 0x000000076e800000|  0%| F|  |TAMS 0x000000076e600000| PB 0x000000076e600000| Untracked 
| 372|0x000000076e800000, 0x000000076e800000, 0x000000076ea00000|  0%| F|  |TAMS 0x000000076e800000| PB 0x000000076e800000| Untracked 
| 373|0x000000076ea00000, 0x000000076ea00000, 0x000000076ec00000|  0%| F|  |TAMS 0x000000076ea00000| PB 0x000000076ea00000| Untracked 
| 374|0x000000076ec00000, 0x000000076ec00000, 0x000000076ee00000|  0%| F|  |TAMS 0x000000076ec00000| PB 0x000000076ec00000| Untracked 
| 375|0x000000076ee00000, 0x000000076ee00000, 0x000000076f000000|  0%| F|  |TAMS 0x000000076ee00000| PB 0x000000076ee00000| Untracked 
| 376|0x000000076f000000, 0x000000076f000000, 0x000000076f200000|  0%| F|  |TAMS 0x000000076f000000| PB 0x000000076f000000| Untracked 
| 377|0x000000076f200000, 0x000000076f200000, 0x000000076f400000|  0%| F|  |TAMS 0x000000076f200000| PB 0x000000076f200000| Untracked 
| 378|0x000000076f400000, 0x000000076f400000, 0x000000076f600000|  0%| F|  |TAMS 0x000000076f400000| PB 0x000000076f400000| Untracked 
| 379|0x000000076f600000, 0x000000076f600000, 0x000000076f800000|  0%| F|  |TAMS 0x000000076f600000| PB 0x000000076f600000| Untracked 
| 380|0x000000076f800000, 0x000000076f800000, 0x000000076fa00000|  0%| F|  |TAMS 0x000000076f800000| PB 0x000000076f800000| Untracked 
| 381|0x000000076fa00000, 0x000000076fa00000, 0x000000076fc00000|  0%| F|  |TAMS 0x000000076fa00000| PB 0x000000076fa00000| Untracked 
| 382|0x000000076fc00000, 0x000000076fc00000, 0x000000076fe00000|  0%| F|  |TAMS 0x000000076fc00000| PB 0x000000076fc00000| Untracked 
| 383|0x000000076fe00000, 0x000000076fe00000, 0x0000000770000000|  0%| F|  |TAMS 0x000000076fe00000| PB 0x000000076fe00000| Untracked 
| 384|0x0000000770000000, 0x0000000770000000, 0x0000000770200000|  0%| F|  |TAMS 0x0000000770000000| PB 0x0000000770000000| Untracked 
| 385|0x0000000770200000, 0x0000000770200000, 0x0000000770400000|  0%| F|  |TAMS 0x0000000770200000| PB 0x0000000770200000| Untracked 
| 386|0x0000000770400000, 0x0000000770400000, 0x0000000770600000|  0%| F|  |TAMS 0x0000000770400000| PB 0x0000000770400000| Untracked 
| 387|0x0000000770600000, 0x0000000770600000, 0x0000000770800000|  0%| F|  |TAMS 0x0000000770600000| PB 0x0000000770600000| Untracked 
| 388|0x0000000770800000, 0x0000000770800000, 0x0000000770a00000|  0%| F|  |TAMS 0x0000000770800000| PB 0x0000000770800000| Untracked 
| 389|0x0000000770a00000, 0x0000000770a00000, 0x0000000770c00000|  0%| F|  |TAMS 0x0000000770a00000| PB 0x0000000770a00000| Untracked 
| 390|0x0000000770c00000, 0x0000000770c00000, 0x0000000770e00000|  0%| F|  |TAMS 0x0000000770c00000| PB 0x0000000770c00000| Untracked 
| 391|0x0000000770e00000, 0x0000000770e00000, 0x0000000771000000|  0%| F|  |TAMS 0x0000000770e00000| PB 0x0000000770e00000| Untracked 
| 392|0x0000000771000000, 0x0000000771000000, 0x0000000771200000|  0%| F|  |TAMS 0x0000000771000000| PB 0x0000000771000000| Untracked 
| 393|0x0000000771200000, 0x0000000771200000, 0x0000000771400000|  0%| F|  |TAMS 0x0000000771200000| PB 0x0000000771200000| Untracked 
| 394|0x0000000771400000, 0x0000000771400000, 0x0000000771600000|  0%| F|  |TAMS 0x0000000771400000| PB 0x0000000771400000| Untracked 
| 395|0x0000000771600000, 0x0000000771600000, 0x0000000771800000|  0%| F|  |TAMS 0x0000000771600000| PB 0x0000000771600000| Untracked 
| 396|0x0000000771800000, 0x0000000771800000, 0x0000000771a00000|  0%| F|  |TAMS 0x0000000771800000| PB 0x0000000771800000| Untracked 
| 397|0x0000000771a00000, 0x0000000771a00000, 0x0000000771c00000|  0%| F|  |TAMS 0x0000000771a00000| PB 0x0000000771a00000| Untracked 
| 398|0x0000000771c00000, 0x0000000771c00000, 0x0000000771e00000|  0%| F|  |TAMS 0x0000000771c00000| PB 0x0000000771c00000| Untracked 
| 399|0x0000000771e00000, 0x0000000771e00000, 0x0000000772000000|  0%| F|  |TAMS 0x0000000771e00000| PB 0x0000000771e00000| Untracked 
| 400|0x0000000772000000, 0x0000000772000000, 0x0000000772200000|  0%| F|  |TAMS 0x0000000772000000| PB 0x0000000772000000| Untracked 
| 401|0x0000000772200000, 0x0000000772200000, 0x0000000772400000|  0%| F|  |TAMS 0x0000000772200000| PB 0x0000000772200000| Untracked 
| 402|0x0000000772400000, 0x0000000772400000, 0x0000000772600000|  0%| F|  |TAMS 0x0000000772400000| PB 0x0000000772400000| Untracked 
| 403|0x0000000772600000, 0x0000000772600000, 0x0000000772800000|  0%| F|  |TAMS 0x0000000772600000| PB 0x0000000772600000| Untracked 
| 404|0x0000000772800000, 0x0000000772800000, 0x0000000772a00000|  0%| F|  |TAMS 0x0000000772800000| PB 0x0000000772800000| Untracked 
| 405|0x0000000772a00000, 0x0000000772a00000, 0x0000000772c00000|  0%| F|  |TAMS 0x0000000772a00000| PB 0x0000000772a00000| Untracked 
| 406|0x0000000772c00000, 0x0000000772c00000, 0x0000000772e00000|  0%| F|  |TAMS 0x0000000772c00000| PB 0x0000000772c00000| Untracked 
| 407|0x0000000772e00000, 0x0000000772e00000, 0x0000000773000000|  0%| F|  |TAMS 0x0000000772e00000| PB 0x0000000772e00000| Untracked 
| 408|0x0000000773000000, 0x0000000773000000, 0x0000000773200000|  0%| F|  |TAMS 0x0000000773000000| PB 0x0000000773000000| Untracked 
| 409|0x0000000773200000, 0x0000000773200000, 0x0000000773400000|  0%| F|  |TAMS 0x0000000773200000| PB 0x0000000773200000| Untracked 
| 410|0x0000000773400000, 0x0000000773400000, 0x0000000773600000|  0%| F|  |TAMS 0x0000000773400000| PB 0x0000000773400000| Untracked 
| 411|0x0000000773600000, 0x0000000773600000, 0x0000000773800000|  0%| F|  |TAMS 0x0000000773600000| PB 0x0000000773600000| Untracked 
| 412|0x0000000773800000, 0x0000000773800000, 0x0000000773a00000|  0%| F|  |TAMS 0x0000000773800000| PB 0x0000000773800000| Untracked 
| 413|0x0000000773a00000, 0x0000000773a00000, 0x0000000773c00000|  0%| F|  |TAMS 0x0000000773a00000| PB 0x0000000773a00000| Untracked 
| 414|0x0000000773c00000, 0x0000000773c00000, 0x0000000773e00000|  0%| F|  |TAMS 0x0000000773c00000| PB 0x0000000773c00000| Untracked 
| 415|0x0000000773e00000, 0x0000000773e00000, 0x0000000774000000|  0%| F|  |TAMS 0x0000000773e00000| PB 0x0000000773e00000| Untracked 
| 416|0x0000000774000000, 0x0000000774000000, 0x0000000774200000|  0%| F|  |TAMS 0x0000000774000000| PB 0x0000000774000000| Untracked 
| 417|0x0000000774200000, 0x0000000774200000, 0x0000000774400000|  0%| F|  |TAMS 0x0000000774200000| PB 0x0000000774200000| Untracked 
| 418|0x0000000774400000, 0x0000000774400000, 0x0000000774600000|  0%| F|  |TAMS 0x0000000774400000| PB 0x0000000774400000| Untracked 
| 419|0x0000000774600000, 0x0000000774600000, 0x0000000774800000|  0%| F|  |TAMS 0x0000000774600000| PB 0x0000000774600000| Untracked 
| 420|0x0000000774800000, 0x0000000774800000, 0x0000000774a00000|  0%| F|  |TAMS 0x0000000774800000| PB 0x0000000774800000| Untracked 
| 421|0x0000000774a00000, 0x0000000774a00000, 0x0000000774c00000|  0%| F|  |TAMS 0x0000000774a00000| PB 0x0000000774a00000| Untracked 
| 422|0x0000000774c00000, 0x0000000774c00000, 0x0000000774e00000|  0%| F|  |TAMS 0x0000000774c00000| PB 0x0000000774c00000| Untracked 
| 423|0x0000000774e00000, 0x0000000774e00000, 0x0000000775000000|  0%| F|  |TAMS 0x0000000774e00000| PB 0x0000000774e00000| Untracked 
| 424|0x0000000775000000, 0x0000000775000000, 0x0000000775200000|  0%| F|  |TAMS 0x0000000775000000| PB 0x0000000775000000| Untracked 
| 425|0x0000000775200000, 0x0000000775200000, 0x0000000775400000|  0%| F|  |TAMS 0x0000000775200000| PB 0x0000000775200000| Untracked 
| 426|0x0000000775400000, 0x0000000775400000, 0x0000000775600000|  0%| F|  |TAMS 0x0000000775400000| PB 0x0000000775400000| Untracked 
| 427|0x0000000775600000, 0x0000000775600000, 0x0000000775800000|  0%| F|  |TAMS 0x0000000775600000| PB 0x0000000775600000| Untracked 
| 428|0x0000000775800000, 0x0000000775800000, 0x0000000775a00000|  0%| F|  |TAMS 0x0000000775800000| PB 0x0000000775800000| Untracked 
| 429|0x0000000775a00000, 0x0000000775a00000, 0x0000000775c00000|  0%| F|  |TAMS 0x0000000775a00000| PB 0x0000000775a00000| Untracked 
| 430|0x0000000775c00000, 0x0000000775c00000, 0x0000000775e00000|  0%| F|  |TAMS 0x0000000775c00000| PB 0x0000000775c00000| Untracked 
| 431|0x0000000775e00000, 0x0000000775e00000, 0x0000000776000000|  0%| F|  |TAMS 0x0000000775e00000| PB 0x0000000775e00000| Untracked 
| 432|0x0000000776000000, 0x0000000776000000, 0x0000000776200000|  0%| F|  |TAMS 0x0000000776000000| PB 0x0000000776000000| Untracked 
| 433|0x0000000776200000, 0x0000000776200000, 0x0000000776400000|  0%| F|  |TAMS 0x0000000776200000| PB 0x0000000776200000| Untracked 
| 434|0x0000000776400000, 0x0000000776400000, 0x0000000776600000|  0%| F|  |TAMS 0x0000000776400000| PB 0x0000000776400000| Untracked 
| 435|0x0000000776600000, 0x0000000776600000, 0x0000000776800000|  0%| F|  |TAMS 0x0000000776600000| PB 0x0000000776600000| Untracked 
| 436|0x0000000776800000, 0x0000000776800000, 0x0000000776a00000|  0%| F|  |TAMS 0x0000000776800000| PB 0x0000000776800000| Untracked 
| 437|0x0000000776a00000, 0x0000000776a00000, 0x0000000776c00000|  0%| F|  |TAMS 0x0000000776a00000| PB 0x0000000776a00000| Untracked 
| 438|0x0000000776c00000, 0x0000000776c00000, 0x0000000776e00000|  0%| F|  |TAMS 0x0000000776c00000| PB 0x0000000776c00000| Untracked 
| 439|0x0000000776e00000, 0x0000000776e00000, 0x0000000777000000|  0%| F|  |TAMS 0x0000000776e00000| PB 0x0000000776e00000| Untracked 
| 440|0x0000000777000000, 0x0000000777000000, 0x0000000777200000|  0%| F|  |TAMS 0x0000000777000000| PB 0x0000000777000000| Untracked 
| 441|0x0000000777200000, 0x0000000777200000, 0x0000000777400000|  0%| F|  |TAMS 0x0000000777200000| PB 0x0000000777200000| Untracked 
| 442|0x0000000777400000, 0x0000000777400000, 0x0000000777600000|  0%| F|  |TAMS 0x0000000777400000| PB 0x0000000777400000| Untracked 
| 443|0x0000000777600000, 0x0000000777600000, 0x0000000777800000|  0%| F|  |TAMS 0x0000000777600000| PB 0x0000000777600000| Untracked 
| 444|0x0000000777800000, 0x0000000777800000, 0x0000000777a00000|  0%| F|  |TAMS 0x0000000777800000| PB 0x0000000777800000| Untracked 
| 445|0x0000000777a00000, 0x0000000777a00000, 0x0000000777c00000|  0%| F|  |TAMS 0x0000000777a00000| PB 0x0000000777a00000| Untracked 
| 446|0x0000000777c00000, 0x0000000777c00000, 0x0000000777e00000|  0%| F|  |TAMS 0x0000000777c00000| PB 0x0000000777c00000| Untracked 
| 447|0x0000000777e00000, 0x0000000777e00000, 0x0000000778000000|  0%| F|  |TAMS 0x0000000777e00000| PB 0x0000000777e00000| Untracked 
| 448|0x0000000778000000, 0x0000000778000000, 0x0000000778200000|  0%| F|  |TAMS 0x0000000778000000| PB 0x0000000778000000| Untracked 
| 449|0x0000000778200000, 0x0000000778200000, 0x0000000778400000|  0%| F|  |TAMS 0x0000000778200000| PB 0x0000000778200000| Untracked 
| 450|0x0000000778400000, 0x0000000778400000, 0x0000000778600000|  0%| F|  |TAMS 0x0000000778400000| PB 0x0000000778400000| Untracked 
| 451|0x0000000778600000, 0x0000000778600000, 0x0000000778800000|  0%| F|  |TAMS 0x0000000778600000| PB 0x0000000778600000| Untracked 
| 452|0x0000000778800000, 0x0000000778800000, 0x0000000778a00000|  0%| F|  |TAMS 0x0000000778800000| PB 0x0000000778800000| Untracked 
| 453|0x0000000778a00000, 0x0000000778a00000, 0x0000000778c00000|  0%| F|  |TAMS 0x0000000778a00000| PB 0x0000000778a00000| Untracked 
| 454|0x0000000778c00000, 0x0000000778c00000, 0x0000000778e00000|  0%| F|  |TAMS 0x0000000778c00000| PB 0x0000000778c00000| Untracked 
| 455|0x0000000778e00000, 0x0000000778e00000, 0x0000000779000000|  0%| F|  |TAMS 0x0000000778e00000| PB 0x0000000778e00000| Untracked 
| 456|0x0000000779000000, 0x0000000779000000, 0x0000000779200000|  0%| F|  |TAMS 0x0000000779000000| PB 0x0000000779000000| Untracked 
| 457|0x0000000779200000, 0x0000000779200000, 0x0000000779400000|  0%| F|  |TAMS 0x0000000779200000| PB 0x0000000779200000| Untracked 
| 458|0x0000000779400000, 0x0000000779400000, 0x0000000779600000|  0%| F|  |TAMS 0x0000000779400000| PB 0x0000000779400000| Untracked 
| 459|0x0000000779600000, 0x0000000779600000, 0x0000000779800000|  0%| F|  |TAMS 0x0000000779600000| PB 0x0000000779600000| Untracked 
| 460|0x0000000779800000, 0x0000000779800000, 0x0000000779a00000|  0%| F|  |TAMS 0x0000000779800000| PB 0x0000000779800000| Untracked 
| 461|0x0000000779a00000, 0x0000000779a00000, 0x0000000779c00000|  0%| F|  |TAMS 0x0000000779a00000| PB 0x0000000779a00000| Untracked 
| 462|0x0000000779c00000, 0x0000000779c00000, 0x0000000779e00000|  0%| F|  |TAMS 0x0000000779c00000| PB 0x0000000779c00000| Untracked 
| 463|0x0000000779e00000, 0x0000000779e00000, 0x000000077a000000|  0%| F|  |TAMS 0x0000000779e00000| PB 0x0000000779e00000| Untracked 
| 464|0x000000077a000000, 0x000000077a000000, 0x000000077a200000|  0%| F|  |TAMS 0x000000077a000000| PB 0x000000077a000000| Untracked 
| 465|0x000000077a200000, 0x000000077a200000, 0x000000077a400000|  0%| F|  |TAMS 0x000000077a200000| PB 0x000000077a200000| Untracked 
| 466|0x000000077a400000, 0x000000077a400000, 0x000000077a600000|  0%| F|  |TAMS 0x000000077a400000| PB 0x000000077a400000| Untracked 
| 467|0x000000077a600000, 0x000000077a600000, 0x000000077a800000|  0%| F|  |TAMS 0x000000077a600000| PB 0x000000077a600000| Untracked 
| 468|0x000000077a800000, 0x000000077a800000, 0x000000077aa00000|  0%| F|  |TAMS 0x000000077a800000| PB 0x000000077a800000| Untracked 
| 469|0x000000077aa00000, 0x000000077aa00000, 0x000000077ac00000|  0%| F|  |TAMS 0x000000077aa00000| PB 0x000000077aa00000| Untracked 
| 470|0x000000077ac00000, 0x000000077ac00000, 0x000000077ae00000|  0%| F|  |TAMS 0x000000077ac00000| PB 0x000000077ac00000| Untracked 
| 471|0x000000077ae00000, 0x000000077ae00000, 0x000000077b000000|  0%| F|  |TAMS 0x000000077ae00000| PB 0x000000077ae00000| Untracked 
| 472|0x000000077b000000, 0x000000077b000000, 0x000000077b200000|  0%| F|  |TAMS 0x000000077b000000| PB 0x000000077b000000| Untracked 
| 473|0x000000077b200000, 0x000000077b200000, 0x000000077b400000|  0%| F|  |TAMS 0x000000077b200000| PB 0x000000077b200000| Untracked 
| 474|0x000000077b400000, 0x000000077b400000, 0x000000077b600000|  0%| F|  |TAMS 0x000000077b400000| PB 0x000000077b400000| Untracked 
| 475|0x000000077b600000, 0x000000077b600000, 0x000000077b800000|  0%| F|  |TAMS 0x000000077b600000| PB 0x000000077b600000| Untracked 
| 476|0x000000077b800000, 0x000000077b800000, 0x000000077ba00000|  0%| F|  |TAMS 0x000000077b800000| PB 0x000000077b800000| Untracked 
| 477|0x000000077ba00000, 0x000000077ba00000, 0x000000077bc00000|  0%| F|  |TAMS 0x000000077ba00000| PB 0x000000077ba00000| Untracked 
| 478|0x000000077bc00000, 0x000000077bc00000, 0x000000077be00000|  0%| F|  |TAMS 0x000000077bc00000| PB 0x000000077bc00000| Untracked 
| 479|0x000000077be00000, 0x000000077be00000, 0x000000077c000000|  0%| F|  |TAMS 0x000000077be00000| PB 0x000000077be00000| Untracked 
| 480|0x000000077c000000, 0x000000077c000000, 0x000000077c200000|  0%| F|  |TAMS 0x000000077c000000| PB 0x000000077c000000| Untracked 
| 481|0x000000077c200000, 0x000000077c200000, 0x000000077c400000|  0%| F|  |TAMS 0x000000077c200000| PB 0x000000077c200000| Untracked 
| 482|0x000000077c400000, 0x000000077c400000, 0x000000077c600000|  0%| F|  |TAMS 0x000000077c400000| PB 0x000000077c400000| Untracked 
| 483|0x000000077c600000, 0x000000077c600000, 0x000000077c800000|  0%| F|  |TAMS 0x000000077c600000| PB 0x000000077c600000| Untracked 
| 484|0x000000077c800000, 0x000000077c800000, 0x000000077ca00000|  0%| F|  |TAMS 0x000000077c800000| PB 0x000000077c800000| Untracked 
| 485|0x000000077ca00000, 0x000000077ca00000, 0x000000077cc00000|  0%| F|  |TAMS 0x000000077ca00000| PB 0x000000077ca00000| Untracked 
| 486|0x000000077cc00000, 0x000000077cc00000, 0x000000077ce00000|  0%| F|  |TAMS 0x000000077cc00000| PB 0x000000077cc00000| Untracked 
| 487|0x000000077ce00000, 0x000000077ce00000, 0x000000077d000000|  0%| F|  |TAMS 0x000000077ce00000| PB 0x000000077ce00000| Untracked 
| 488|0x000000077d000000, 0x000000077d000000, 0x000000077d200000|  0%| F|  |TAMS 0x000000077d000000| PB 0x000000077d000000| Untracked 
| 489|0x000000077d200000, 0x000000077d200000, 0x000000077d400000|  0%| F|  |TAMS 0x000000077d200000| PB 0x000000077d200000| Untracked 
| 490|0x000000077d400000, 0x000000077d400000, 0x000000077d600000|  0%| F|  |TAMS 0x000000077d400000| PB 0x000000077d400000| Untracked 
| 491|0x000000077d600000, 0x000000077d600000, 0x000000077d800000|  0%| F|  |TAMS 0x000000077d600000| PB 0x000000077d600000| Untracked 
| 492|0x000000077d800000, 0x000000077d800000, 0x000000077da00000|  0%| F|  |TAMS 0x000000077d800000| PB 0x000000077d800000| Untracked 
| 493|0x000000077da00000, 0x000000077da00000, 0x000000077dc00000|  0%| F|  |TAMS 0x000000077da00000| PB 0x000000077da00000| Untracked 
| 494|0x000000077dc00000, 0x000000077dc00000, 0x000000077de00000|  0%| F|  |TAMS 0x000000077dc00000| PB 0x000000077dc00000| Untracked 
| 495|0x000000077de00000, 0x000000077df00000, 0x000000077e000000| 50%| E|  |TAMS 0x000000077de00000| PB 0x000000077de00000| Complete 
| 496|0x000000077e000000, 0x000000077e200000, 0x000000077e200000|100%| E|CS|TAMS 0x000000077e000000| PB 0x000000077e000000| Complete 
| 497|0x000000077e200000, 0x000000077e400000, 0x000000077e400000|100%| E|CS|TAMS 0x000000077e200000| PB 0x000000077e200000| Complete 
| 498|0x000000077e400000, 0x000000077e600000, 0x000000077e600000|100%| E|CS|TAMS 0x000000077e400000| PB 0x000000077e400000| Complete 
| 499|0x000000077e600000, 0x000000077e800000, 0x000000077e800000|100%| E|CS|TAMS 0x000000077e600000| PB 0x000000077e600000| Complete 
| 500|0x000000077e800000, 0x000000077ea00000, 0x000000077ea00000|100%| E|CS|TAMS 0x000000077e800000| PB 0x000000077e800000| Complete 
| 501|0x000000077ea00000, 0x000000077ec00000, 0x000000077ec00000|100%| E|CS|TAMS 0x000000077ea00000| PB 0x000000077ea00000| Complete 
| 502|0x000000077ec00000, 0x000000077ee00000, 0x000000077ee00000|100%| E|CS|TAMS 0x000000077ec00000| PB 0x000000077ec00000| Complete 
| 503|0x000000077ee00000, 0x000000077f000000, 0x000000077f000000|100%| E|CS|TAMS 0x000000077ee00000| PB 0x000000077ee00000| Complete 
| 504|0x000000077f000000, 0x000000077f200000, 0x000000077f200000|100%| E|CS|TAMS 0x000000077f000000| PB 0x000000077f000000| Complete 
| 505|0x000000077f200000, 0x000000077f400000, 0x000000077f400000|100%| E|CS|TAMS 0x000000077f200000| PB 0x000000077f200000| Complete 
| 506|0x000000077f400000, 0x000000077f600000, 0x000000077f600000|100%| E|CS|TAMS 0x000000077f400000| PB 0x000000077f400000| Complete 
| 507|0x000000077f600000, 0x000000077f800000, 0x000000077f800000|100%| E|CS|TAMS 0x000000077f600000| PB 0x000000077f600000| Complete 
| 508|0x000000077f800000, 0x000000077fa00000, 0x000000077fa00000|100%| E|CS|TAMS 0x000000077f800000| PB 0x000000077f800000| Complete 
| 509|0x000000077fa00000, 0x000000077fc00000, 0x000000077fc00000|100%| E|CS|TAMS 0x000000077fa00000| PB 0x000000077fa00000| Complete 
| 510|0x000000077fc00000, 0x000000077fe00000, 0x000000077fe00000|100%| E|CS|TAMS 0x000000077fc00000| PB 0x000000077fc00000| Complete 
| 511|0x000000077fe00000, 0x0000000780000000, 0x0000000780000000|100%| E|CS|TAMS 0x000000077fe00000| PB 0x000000077fe00000| Complete 
| 512|0x0000000780000000, 0x0000000780200000, 0x0000000780200000|100%| E|CS|TAMS 0x0000000780000000| PB 0x0000000780000000| Complete 
| 513|0x0000000780200000, 0x0000000780400000, 0x0000000780400000|100%| E|CS|TAMS 0x0000000780200000| PB 0x0000000780200000| Complete 
| 514|0x0000000780400000, 0x0000000780600000, 0x0000000780600000|100%| E|CS|TAMS 0x0000000780400000| PB 0x0000000780400000| Complete 
| 515|0x0000000780600000, 0x0000000780800000, 0x0000000780800000|100%| E|CS|TAMS 0x0000000780600000| PB 0x0000000780600000| Complete 
| 516|0x0000000780800000, 0x0000000780a00000, 0x0000000780a00000|100%| E|CS|TAMS 0x0000000780800000| PB 0x0000000780800000| Complete 
| 517|0x0000000780a00000, 0x0000000780c00000, 0x0000000780c00000|100%| E|CS|TAMS 0x0000000780a00000| PB 0x0000000780a00000| Complete 
| 518|0x0000000780c00000, 0x0000000780e00000, 0x0000000780e00000|100%| E|CS|TAMS 0x0000000780c00000| PB 0x0000000780c00000| Complete 
| 519|0x0000000780e00000, 0x0000000781000000, 0x0000000781000000|100%| E|CS|TAMS 0x0000000780e00000| PB 0x0000000780e00000| Complete 
| 520|0x0000000781000000, 0x0000000781200000, 0x0000000781200000|100%| E|CS|TAMS 0x0000000781000000| PB 0x0000000781000000| Complete 
| 521|0x0000000781200000, 0x0000000781400000, 0x0000000781400000|100%| E|CS|TAMS 0x0000000781200000| PB 0x0000000781200000| Complete 
| 522|0x0000000781400000, 0x0000000781600000, 0x0000000781600000|100%| E|CS|TAMS 0x0000000781400000| PB 0x0000000781400000| Complete 
| 523|0x0000000781600000, 0x0000000781800000, 0x0000000781800000|100%| E|CS|TAMS 0x0000000781600000| PB 0x0000000781600000| Complete 
| 524|0x0000000781800000, 0x0000000781a00000, 0x0000000781a00000|100%| E|CS|TAMS 0x0000000781800000| PB 0x0000000781800000| Complete 
| 525|0x0000000781a00000, 0x0000000781c00000, 0x0000000781c00000|100%| E|CS|TAMS 0x0000000781a00000| PB 0x0000000781a00000| Complete 
| 526|0x0000000781c00000, 0x0000000781e00000, 0x0000000781e00000|100%| E|CS|TAMS 0x0000000781c00000| PB 0x0000000781c00000| Complete 
| 527|0x0000000781e00000, 0x0000000782000000, 0x0000000782000000|100%| E|CS|TAMS 0x0000000781e00000| PB 0x0000000781e00000| Complete 
| 528|0x0000000782000000, 0x0000000782200000, 0x0000000782200000|100%| E|CS|TAMS 0x0000000782000000| PB 0x0000000782000000| Complete 
| 529|0x0000000782200000, 0x0000000782400000, 0x0000000782400000|100%| E|CS|TAMS 0x0000000782200000| PB 0x0000000782200000| Complete 
| 530|0x0000000782400000, 0x0000000782600000, 0x0000000782600000|100%| S|CS|TAMS 0x0000000782400000| PB 0x0000000782400000| Complete 
| 531|0x0000000782600000, 0x0000000782800000, 0x0000000782800000|100%| E|CS|TAMS 0x0000000782600000| PB 0x0000000782600000| Complete 
|1512|0x00000007fd000000, 0x00000007fd200000, 0x00000007fd200000|100%| O|  |TAMS 0x00000007fd000000| PB 0x00000007fd000000| Untracked 
|1513|0x00000007fd200000, 0x00000007fd400000, 0x00000007fd400000|100%| O|  |TAMS 0x00000007fd200000| PB 0x00000007fd200000| Untracked 
|1514|0x00000007fd400000, 0x00000007fd600000, 0x00000007fd600000|100%| O|  |TAMS 0x00000007fd400000| PB 0x00000007fd400000| Untracked 
|1515|0x00000007fd600000, 0x00000007fd800000, 0x00000007fd800000|100%| O|  |TAMS 0x00000007fd600000| PB 0x00000007fd600000| Untracked 
|1516|0x00000007fd800000, 0x00000007fda00000, 0x00000007fda00000|100%| O|  |TAMS 0x00000007fd800000| PB 0x00000007fd800000| Untracked 
|1517|0x00000007fda00000, 0x00000007fdc00000, 0x00000007fdc00000|100%| O|  |TAMS 0x00000007fda00000| PB 0x00000007fda00000| Untracked 
|1518|0x00000007fdc00000, 0x00000007fde00000, 0x00000007fde00000|100%| O|  |TAMS 0x00000007fdc00000| PB 0x00000007fdc00000| Untracked 
|1519|0x00000007fde00000, 0x00000007fe000000, 0x00000007fe000000|100%| O|  |TAMS 0x00000007fde00000| PB 0x00000007fde00000| Untracked 
|1520|0x00000007fe000000, 0x00000007fe200000, 0x00000007fe200000|100%| O|  |TAMS 0x00000007fe000000| PB 0x00000007fe000000| Untracked 
|1521|0x00000007fe200000, 0x00000007fe400000, 0x00000007fe400000|100%| O|  |TAMS 0x00000007fe200000| PB 0x00000007fe200000| Untracked 
|1522|0x00000007fe400000, 0x00000007fe600000, 0x00000007fe600000|100%| O|  |TAMS 0x00000007fe400000| PB 0x00000007fe400000| Untracked 
|1523|0x00000007fe600000, 0x00000007fe800000, 0x00000007fe800000|100%| O|  |TAMS 0x00000007fe600000| PB 0x00000007fe600000| Untracked 
|1524|0x00000007fe800000, 0x00000007fea00000, 0x00000007fea00000|100%| O|  |TAMS 0x00000007fe800000| PB 0x00000007fe800000| Untracked 
|1525|0x00000007fea00000, 0x00000007fec00000, 0x00000007fec00000|100%| O|  |TAMS 0x00000007fea00000| PB 0x00000007fea00000| Untracked 
|1526|0x00000007fec00000, 0x00000007fee00000, 0x00000007fee00000|100%| O|  |TAMS 0x00000007fec00000| PB 0x00000007fec00000| Untracked 
|1527|0x00000007fee00000, 0x00000007ff000000, 0x00000007ff000000|100%| O|  |TAMS 0x00000007fee00000| PB 0x00000007fee00000| Untracked 
|1528|0x00000007ff000000, 0x00000007ff200000, 0x00000007ff200000|100%| O|  |TAMS 0x00000007ff000000| PB 0x00000007ff000000| Untracked 
|1529|0x00000007ff200000, 0x00000007ff400000, 0x00000007ff400000|100%| O|  |TAMS 0x00000007ff200000| PB 0x00000007ff200000| Untracked 
|1530|0x00000007ff400000, 0x00000007ff600000, 0x00000007ff600000|100%| O|  |TAMS 0x00000007ff400000| PB 0x00000007ff400000| Untracked 
|1531|0x00000007ff600000, 0x00000007ff800000, 0x00000007ff800000|100%| O|  |TAMS 0x00000007ff600000| PB 0x00000007ff600000| Untracked 
|1532|0x00000007ff800000, 0x00000007ffa00000, 0x00000007ffa00000|100%| O|  |TAMS 0x00000007ff800000| PB 0x00000007ff800000| Untracked 
|1533|0x00000007ffa00000, 0x00000007ffc00000, 0x00000007ffc00000|100%| O|  |TAMS 0x00000007ffa00000| PB 0x00000007ffa00000| Untracked 
|1534|0x00000007ffc00000, 0x00000007ffe00000, 0x00000007ffe00000|100%| O|  |TAMS 0x00000007ffc00000| PB 0x00000007ffc00000| Untracked 
|1535|0x00000007ffe00000, 0x0000000800000000, 0x0000000800000000|100%| O|  |TAMS 0x00000007ffe00000| PB 0x00000007ffe00000| Untracked 

Card table byte_map: [0x00000287a7b80000,0x00000287a8180000] _byte_map_base: 0x00000287a4180000

Marking Bits: (CMBitMap*) 0x000002878e1bc8f0
 Bits: [0x00000287a8180000, 0x00000287ab180000)

Polling page: 0x000002878deb0000

Metaspace:

Usage:
  Non-class:     13.12 MB used.
      Class:      1.17 MB used.
       Both:     14.29 MB used.

Virtual space:
  Non-class space:       64.00 MB reserved,      13.19 MB ( 21%) committed,  1 nodes.
      Class space:        1.00 GB reserved,       1.25 MB ( <1%) committed,  1 nodes.
             Both:        1.06 GB reserved,      14.44 MB (  1%) committed. 

Chunk freelists:
   Non-Class:  896.00 KB
       Class:  14.67 MB
        Both:  15.54 MB

MaxMetaspaceSize: unlimited
CompressedClassSpaceSize: 1.00 GB
Initial GC threshold: 21.00 MB
Current GC threshold: 21.00 MB
CDS: on
 - commit_granule_bytes: 65536.
 - commit_granule_words: 8192.
 - virtual_space_node_default_size: 8388608.
 - enlarge_chunks_in_place: 1.
 - use_allocation_guard: 0.


Internal statistics:

num_allocs_failed_limit: 0.
num_arena_births: 42.
num_arena_deaths: 0.
num_vsnodes_births: 2.
num_vsnodes_deaths: 0.
num_space_committed: 231.
num_space_uncommitted: 0.
num_chunks_returned_to_freelist: 0.
num_chunks_taken_from_freelist: 487.
num_chunk_merges: 0.
num_chunk_splits: 417.
num_chunks_enlarged: 393.
num_inconsistent_stats: 0.

CodeHeap 'non-profiled nmethods': size=120064Kb used=11185Kb max_used=11185Kb free=108878Kb
 bounds [0x000002879fc40000, 0x00000287a0730000, 0x00000287a7180000]
CodeHeap 'profiled nmethods': size=120000Kb used=19467Kb max_used=19467Kb free=100532Kb
 bounds [0x0000028798180000, 0x0000028799490000, 0x000002879f6b0000]
CodeHeap 'non-nmethods': size=5696Kb used=1335Kb max_used=1398Kb free=4360Kb
 bounds [0x000002879f6b0000, 0x000002879f920000, 0x000002879fc40000]
CodeCache: size=245760Kb, used=31987Kb, max_used=32050Kb, free=213770Kb
 total_blobs=7485, nmethods=6988, adapters=402, full_count=0
Compilation: enabled, stopped_count=0, restarted_count=0

Compilation events (20 events):
Event: 194.352 Thread 0x00000287ad5025c0 nmethod 6983% 0x00000287a071f110 code [0x00000287a071f4c0, 0x00000287a0720890]
Event: 194.410 Thread 0x00000287ad5025c0 6985       4       kotlin.metadata.internal.WriteUtilsKt::writeAnnotationArgument (800 bytes)
Event: 194.549 Thread 0x00000287ad5025c0 nmethod 6985 0x00000287a0721f10 code [0x00000287a0722400, 0x00000287a0724d00]
Event: 194.585 Thread 0x00000287ad51de40 6986       3       kotlin.metadata.internal.metadata.ProtoBuf$TypeParameter::writeTo (254 bytes)
Event: 194.588 Thread 0x00000287ad51de40 nmethod 6986 0x000002879947e910 code [0x000002879947ee80, 0x0000028799481720]
Event: 194.620 Thread 0x00000287ad5025c0 6987       4       kotlin.metadata.internal.metadata.ProtoBuf$Package::writeTo (184 bytes)
Event: 194.703 Thread 0x00000287ad5025c0 nmethod 6987 0x00000287a0726410 code [0x00000287a07268a0, 0x00000287a07287f8]
Event: 194.905 Thread 0x00000287ad5025c0 6988       4       java.lang.AbstractStringBuilder::putStringAt (19 bytes)
Event: 194.907 Thread 0x00000287ad5025c0 nmethod 6988 0x00000287a072ae90 code [0x00000287a072b020, 0x00000287a072b1d0]
Event: 195.767 Thread 0x00000287ad51de40 6989       3       java.lang.String::checkOffset (11 bytes)
Event: 195.767 Thread 0x00000287ad51de40 nmethod 6989 0x0000028799482610 code [0x00000287994827c0, 0x00000287994829c8]
Event: 195.767 Thread 0x00000287ad51de40 6990       3       java.lang.AbstractStringBuilder::shift (37 bytes)
Event: 195.767 Thread 0x00000287ad51de40 nmethod 6990 0x0000028799482b10 code [0x0000028799482cc0, 0x0000028799482eb8]
Event: 196.256 Thread 0x00000287ad5025c0 6991       4       sun.nio.ch.IOUtil::acquireScope (36 bytes)
Event: 196.257 Thread 0x00000287ad5025c0 nmethod 6991 0x00000287a072b390 code [0x00000287a072b520, 0x00000287a072b5d8]
Event: 196.270 Thread 0x00000287ad5025c0 6992       4       sun.nio.ch.Util::offerFirstTemporaryDirectBuffer (53 bytes)
Event: 196.277 Thread 0x00000287ad5025c0 nmethod 6992 0x00000287a072b710 code [0x00000287a072b8e0, 0x00000287a072bcf0]
Event: 196.298 Thread 0x00000287ad5025c0 6993       4       sun.nio.ch.Util$BufferCache::offerFirst (73 bytes)
Event: 196.301 Thread 0x00000287ad5025c0 nmethod 6993 0x00000287a072c090 code [0x00000287a072c220, 0x00000287a072c468]
Event: 196.842 Thread 0x00000287ad5025c0 6994       4       java.util.regex.Pattern$BmpCharProperty::match (55 bytes)

GC Heap History (20 events):
Event: 128.805 GC heap before
{Heap before GC invocations=39 (full 0):
 garbage-first heap   total 1089536K, used 547840K [0x0000000740000000, 0x0000000800000000)
  region size 2048K, 112 young (229376K), 40 survivors (81920K)
 Metaspace       used 12310K, committed 12416K, reserved 1114112K
  class space    used 1070K, committed 1152K, reserved 1048576K
}
Event: 129.042 GC heap after
{Heap after GC invocations=40 (full 0):
 garbage-first heap   total 1089536K, used 407552K [0x0000000740000000, 0x0000000800000000)
  region size 2048K, 3 young (6144K), 3 survivors (6144K)
 Metaspace       used 12310K, committed 12416K, reserved 1114112K
  class space    used 1070K, committed 1152K, reserved 1048576K
}
Event: 132.726 GC heap before
{Heap before GC invocations=40 (full 0):
 garbage-first heap   total 1089536K, used 677888K [0x0000000740000000, 0x0000000800000000)
  region size 2048K, 135 young (276480K), 3 survivors (6144K)
 Metaspace       used 12323K, committed 12480K, reserved 1114112K
  class space    used 1071K, committed 1152K, reserved 1048576K
}
Event: 132.799 GC heap after
{Heap after GC invocations=41 (full 0):
 garbage-first heap   total 1089536K, used 415744K [0x0000000740000000, 0x0000000800000000)
  region size 2048K, 7 young (14336K), 7 survivors (14336K)
 Metaspace       used 12323K, committed 12480K, reserved 1114112K
  class space    used 1071K, committed 1152K, reserved 1048576K
}
Event: 134.697 GC heap before
{Heap before GC invocations=41 (full 0):
 garbage-first heap   total 1089536K, used 620544K [0x0000000740000000, 0x0000000800000000)
  region size 2048K, 107 young (219136K), 7 survivors (14336K)
 Metaspace       used 12329K, committed 12480K, reserved 1114112K
  class space    used 1071K, committed 1152K, reserved 1048576K
}
Event: 134.787 GC heap after
{Heap after GC invocations=42 (full 0):
 garbage-first heap   total 1089536K, used 421888K [0x0000000740000000, 0x0000000800000000)
  region size 2048K, 10 young (20480K), 10 survivors (20480K)
 Metaspace       used 12329K, committed 12480K, reserved 1114112K
  class space    used 1071K, committed 1152K, reserved 1048576K
}
Event: 135.694 GC heap before
{Heap before GC invocations=42 (full 0):
 garbage-first heap   total 1089536K, used 606208K [0x0000000740000000, 0x0000000800000000)
  region size 2048K, 100 young (204800K), 10 survivors (20480K)
 Metaspace       used 12329K, committed 12480K, reserved 1114112K
  class space    used 1071K, committed 1152K, reserved 1048576K
}
Event: 135.795 GC heap after
{Heap after GC invocations=43 (full 0):
 garbage-first heap   total 1089536K, used 428829K [0x0000000740000000, 0x0000000800000000)
  region size 2048K, 7 young (14336K), 7 survivors (14336K)
 Metaspace       used 12329K, committed 12480K, reserved 1114112K
  class space    used 1071K, committed 1152K, reserved 1048576K
}
Event: 154.136 GC heap before
{Heap before GC invocations=43 (full 0):
 garbage-first heap   total 1089536K, used 772893K [0x0000000740000000, 0x0000000800000000)
  region size 2048K, 175 young (358400K), 7 survivors (14336K)
 Metaspace       used 14362K, committed 14528K, reserved 1114112K
  class space    used 1202K, committed 1280K, reserved 1048576K
}
Event: 154.246 GC heap after
{Heap after GC invocations=44 (full 0):
 garbage-first heap   total 1089536K, used 440093K [0x0000000740000000, 0x0000000800000000)
  region size 2048K, 12 young (24576K), 12 survivors (24576K)
 Metaspace       used 14362K, committed 14528K, reserved 1114112K
  class space    used 1202K, committed 1280K, reserved 1048576K
}
Event: 164.602 GC heap before
{Heap before GC invocations=44 (full 0):
 garbage-first heap   total 1089536K, used 663325K [0x0000000740000000, 0x0000000800000000)
  region size 2048K, 121 young (247808K), 12 survivors (24576K)
 Metaspace       used 14411K, committed 14592K, reserved 1114112K
  class space    used 1203K, committed 1280K, reserved 1048576K
}
Event: 164.694 GC heap after
{Heap after GC invocations=45 (full 0):
 garbage-first heap   total 1089536K, used 441905K [0x0000000740000000, 0x0000000800000000)
  region size 2048K, 10 young (20480K), 10 survivors (20480K)
 Metaspace       used 14411K, committed 14592K, reserved 1114112K
  class space    used 1203K, committed 1280K, reserved 1048576K
}
Event: 179.955 GC heap before
{Heap before GC invocations=45 (full 0):
 garbage-first heap   total 1089536K, used 1015345K [0x0000000740000000, 0x0000000800000000)
  region size 2048K, 289 young (591872K), 10 survivors (20480K)
 Metaspace       used 14558K, committed 14720K, reserved 1114112K
  class space    used 1203K, committed 1280K, reserved 1048576K
}
Event: 180.087 GC heap after
{Heap after GC invocations=46 (full 0):
 garbage-first heap   total 1089536K, used 467505K [0x0000000740000000, 0x0000000800000000)
  region size 2048K, 21 young (43008K), 21 survivors (43008K)
 Metaspace       used 14558K, committed 14720K, reserved 1114112K
  class space    used 1203K, committed 1280K, reserved 1048576K
}
Event: 182.055 GC heap before
{Heap before GC invocations=46 (full 0):
 garbage-first heap   total 1089536K, used 533041K [0x0000000740000000, 0x0000000800000000)
  region size 2048K, 53 young (108544K), 21 survivors (43008K)
 Metaspace       used 14582K, committed 14784K, reserved 1114112K
  class space    used 1203K, committed 1280K, reserved 1048576K
}
Event: 182.160 GC heap after
{Heap after GC invocations=47 (full 0):
 garbage-first heap   total 1089536K, used 459776K [0x0000000740000000, 0x0000000800000000)
  region size 2048K, 7 young (14336K), 7 survivors (14336K)
 Metaspace       used 14582K, committed 14784K, reserved 1114112K
  class space    used 1203K, committed 1280K, reserved 1048576K
}
Event: 193.429 GC heap before
{Heap before GC invocations=47 (full 0):
 garbage-first heap   total 1089536K, used 1010688K [0x0000000740000000, 0x0000000800000000)
  region size 2048K, 276 young (565248K), 7 survivors (14336K)
 Metaspace       used 14632K, committed 14784K, reserved 1114112K
  class space    used 1203K, committed 1280K, reserved 1048576K
}
Event: 193.977 GC heap after
{Heap after GC invocations=48 (full 0):
 garbage-first heap   total 1138688K, used 573440K [0x0000000740000000, 0x0000000800000000)
  region size 2048K, 35 young (71680K), 35 survivors (71680K)
 Metaspace       used 14632K, committed 14784K, reserved 1114112K
  class space    used 1203K, committed 1280K, reserved 1048576K
}
Event: 193.984 GC heap before
{Heap before GC invocations=48 (full 0):
 garbage-first heap   total 1138688K, used 575488K [0x0000000740000000, 0x0000000800000000)
  region size 2048K, 36 young (73728K), 35 survivors (71680K)
 Metaspace       used 14632K, committed 14784K, reserved 1114112K
  class space    used 1203K, committed 1280K, reserved 1048576K
}
Event: 194.109 GC heap after
{Heap after GC invocations=49 (full 0):
 garbage-first heap   total 1138688K, used 576512K [0x0000000740000000, 0x0000000800000000)
  region size 2048K, 1 young (2048K), 1 survivors (2048K)
 Metaspace       used 14632K, committed 14784K, reserved 1114112K
  class space    used 1203K, committed 1280K, reserved 1048576K
}

Dll operation events (7 events):
Event: 1.314 Loaded shared library C:\Users\gabil\.gradle\jdks\amazon_com_inc_-21-amd64-windows.2\bin\java.dll
Event: 1.451 Loaded shared library C:\Users\gabil\.gradle\jdks\amazon_com_inc_-21-amd64-windows.2\bin\jsvml.dll
Event: 2.469 Loaded shared library C:\Users\gabil\.gradle\jdks\amazon_com_inc_-21-amd64-windows.2\bin\net.dll
Event: 2.474 Loaded shared library C:\Users\gabil\.gradle\jdks\amazon_com_inc_-21-amd64-windows.2\bin\nio.dll
Event: 2.536 Loaded shared library C:\Users\gabil\.gradle\jdks\amazon_com_inc_-21-amd64-windows.2\bin\zip.dll
Event: 31.149 Loaded shared library C:\Users\gabil\.gradle\jdks\amazon_com_inc_-21-amd64-windows.2\bin\verify.dll
Event: 52.929 Loaded shared library C:\Users\gabil\.gradle\jdks\amazon_com_inc_-21-amd64-windows.2\bin\jimage.dll

Deoptimization events (20 events):
Event: 182.940 Thread 0x000002878dfde780 DEOPT PACKING pc=0x00000287994273b0 sp=0x000000b92d3fe2f0
Event: 182.940 Thread 0x000002878dfde780 DEOPT UNPACKING pc=0x000002879f704b23 sp=0x000000b92d3fd7d8 mode 0
Event: 183.120 Thread 0x000002878dfde780 DEOPT PACKING pc=0x00000287994273b0 sp=0x000000b92d3fe2f0
Event: 183.120 Thread 0x000002878dfde780 DEOPT UNPACKING pc=0x000002879f704b23 sp=0x000000b92d3fd7d8 mode 0
Event: 187.746 Thread 0x000002878dfde780 DEOPT PACKING pc=0x00000287994273b0 sp=0x000000b92d3fe2f0
Event: 187.746 Thread 0x000002878dfde780 DEOPT UNPACKING pc=0x000002879f704b23 sp=0x000000b92d3fd7d8 mode 0
Event: 190.473 Thread 0x000002878dfde780 DEOPT PACKING pc=0x00000287992364a7 sp=0x000000b92d3fe300
Event: 190.473 Thread 0x000002878dfde780 DEOPT UNPACKING pc=0x000002879f704b23 sp=0x000000b92d3fd7d8 mode 0
Event: 192.625 Thread 0x000002878dfde780 Uncommon trap: trap_request=0xffffff45 fr.pc=0x00000287a06a29c4 relative=0x00000000000008a4
Event: 192.626 Thread 0x000002878dfde780 Uncommon trap: reason=unstable_if action=reinterpret pc=0x00000287a06a29c4 method=org.jetbrains.kotlin.commonizer.metadata.CirSerializersKt.serializeConstantValue(Lorg/jetbrains/kotlin/commonizer/cir/CirConstantValue;)Lkotlin/metadata/KmAnnotationArgument
Event: 192.626 Thread 0x000002878dfde780 DEOPT PACKING pc=0x00000287a06a29c4 sp=0x000000b92d3fe490
Event: 192.626 Thread 0x000002878dfde780 DEOPT UNPACKING pc=0x000002879f70439c sp=0x000000b92d3fe3f8 mode 2
Event: 194.276 Thread 0x000002878dfde780 Uncommon trap: trap_request=0xffffff45 fr.pc=0x00000287a06a56d4 relative=0x0000000000001ab4
Event: 194.276 Thread 0x000002878dfde780 Uncommon trap: reason=unstable_if action=reinterpret pc=0x00000287a06a56d4 method=kotlin.metadata.internal.WriteUtilsKt.writeAnnotationArgument(Lkotlin/metadata/KmAnnotationArgument;Lkotlin/metadata/internal/metadata/serialization/StringTable;)Lkotlin/met
Event: 194.276 Thread 0x000002878dfde780 DEOPT PACKING pc=0x00000287a06a56d4 sp=0x000000b92d3fe190
Event: 194.276 Thread 0x000002878dfde780 DEOPT UNPACKING pc=0x000002879f70439c sp=0x000000b92d3fe140 mode 2
Event: 194.356 Thread 0x000002878dfde780 DEOPT PACKING pc=0x000002879931edfe sp=0x000000b92d3fe360
Event: 194.356 Thread 0x000002878dfde780 DEOPT UNPACKING pc=0x000002879f704b23 sp=0x000000b92d3fd900 mode 0
Event: 194.625 Thread 0x000002878dfde780 DEOPT PACKING pc=0x0000028799324d1d sp=0x000000b92d3fe4d0
Event: 194.625 Thread 0x000002878dfde780 DEOPT UNPACKING pc=0x000002879f704b23 sp=0x000000b92d3fda08 mode 0

Classes loaded (20 events):
Event: 138.422 Loading class sun/util/locale/provider/TimeZoneNameUtility
Event: 138.422 Loading class sun/util/locale/provider/TimeZoneNameUtility done
Event: 138.423 Loading class sun/util/locale/provider/TimeZoneNameUtility$TimeZoneNameGetter
Event: 138.423 Loading class sun/util/locale/provider/TimeZoneNameUtility$TimeZoneNameGetter done
Event: 138.424 Loading class sun/util/cldr/CLDRTimeZoneNameProviderImpl
Event: 138.425 Loading class sun/util/locale/provider/TimeZoneNameProviderImpl
Event: 138.426 Loading class sun/util/locale/provider/TimeZoneNameProviderImpl done
Event: 138.426 Loading class sun/util/cldr/CLDRTimeZoneNameProviderImpl done
Event: 138.429 Loading class sun/util/locale/provider/BaseLocaleDataMetaInfo
Event: 138.430 Loading class sun/util/locale/provider/BaseLocaleDataMetaInfo done
Event: 138.438 Loading class sun/util/resources/cldr/TimeZoneNames
Event: 138.439 Loading class sun/util/resources/TimeZoneNamesBundle
Event: 138.439 Loading class sun/util/resources/OpenListResourceBundle
Event: 138.439 Loading class sun/util/resources/OpenListResourceBundle done
Event: 138.440 Loading class sun/util/resources/TimeZoneNamesBundle done
Event: 138.440 Loading class sun/util/resources/cldr/TimeZoneNames done
Event: 138.440 Loading class sun/util/resources/cldr/TimeZoneNames_en
Event: 138.447 Loading class sun/util/resources/cldr/TimeZoneNames_en done
Event: 138.448 Loading class sun/util/resources/cldr/TimeZoneNames_en_US
Event: 138.448 Loading class sun/util/resources/cldr/TimeZoneNames_en_US done

Classes unloaded (0 events):
No events

Classes redefined (0 events):
No events

Internal exceptions (20 events):
Event: 191.591 Thread 0x000002878dfde780 Exception <a 'sun/nio/fs/WindowsException'{0x0000000774c8a6a0}> (0x0000000774c8a6a0) 
thrown [s\src\hotspot\share\prims\jni.cpp, line 520]
Event: 191.598 Thread 0x000002878dfde780 Exception <a 'sun/nio/fs/WindowsException'{0x0000000774c8afc8}> (0x0000000774c8afc8) 
thrown [s\src\hotspot\share\prims\jni.cpp, line 520]
Event: 191.599 Thread 0x000002878dfde780 Exception <a 'sun/nio/fs/WindowsException'{0x0000000774c8bde0}> (0x0000000774c8bde0) 
thrown [s\src\hotspot\share\prims\jni.cpp, line 520]
Event: 191.599 Thread 0x000002878dfde780 Exception <a 'sun/nio/fs/WindowsException'{0x0000000774c8c3b0}> (0x0000000774c8c3b0) 
thrown [s\src\hotspot\share\prims\jni.cpp, line 520]
Event: 191.599 Thread 0x000002878dfde780 Exception <a 'sun/nio/fs/WindowsException'{0x0000000774c8c968}> (0x0000000774c8c968) 
thrown [s\src\hotspot\share\prims\jni.cpp, line 520]
Event: 191.703 Thread 0x000002878dfde780 Exception <a 'sun/nio/fs/WindowsException'{0x0000000774d9a528}> (0x0000000774d9a528) 
thrown [s\src\hotspot\share\prims\jni.cpp, line 520]
Event: 191.707 Thread 0x000002878dfde780 Exception <a 'sun/nio/fs/WindowsException'{0x0000000774d9ae28}> (0x0000000774d9ae28) 
thrown [s\src\hotspot\share\prims\jni.cpp, line 520]
Event: 191.707 Thread 0x000002878dfde780 Exception <a 'sun/nio/fs/WindowsException'{0x0000000774d9bc18}> (0x0000000774d9bc18) 
thrown [s\src\hotspot\share\prims\jni.cpp, line 520]
Event: 191.707 Thread 0x000002878dfde780 Exception <a 'sun/nio/fs/WindowsException'{0x0000000774d9c1d0}> (0x0000000774d9c1d0) 
thrown [s\src\hotspot\share\prims\jni.cpp, line 520]
Event: 191.708 Thread 0x000002878dfde780 Exception <a 'sun/nio/fs/WindowsException'{0x0000000774d9c770}> (0x0000000774d9c770) 
thrown [s\src\hotspot\share\prims\jni.cpp, line 520]
Event: 191.865 Thread 0x000002878dfde780 Exception <a 'sun/nio/fs/WindowsException'{0x0000000774db2bb8}> (0x0000000774db2bb8) 
thrown [s\src\hotspot\share\prims\jni.cpp, line 520]
Event: 191.874 Thread 0x000002878dfde780 Exception <a 'sun/nio/fs/WindowsException'{0x0000000774db3470}> (0x0000000774db3470) 
thrown [s\src\hotspot\share\prims\jni.cpp, line 520]
Event: 191.874 Thread 0x000002878dfde780 Exception <a 'sun/nio/fs/WindowsException'{0x0000000774db4238}> (0x0000000774db4238) 
thrown [s\src\hotspot\share\prims\jni.cpp, line 520]
Event: 191.874 Thread 0x000002878dfde780 Exception <a 'sun/nio/fs/WindowsException'{0x0000000774db47c8}> (0x0000000774db47c8) 
thrown [s\src\hotspot\share\prims\jni.cpp, line 520]
Event: 191.874 Thread 0x000002878dfde780 Exception <a 'sun/nio/fs/WindowsException'{0x0000000774db4d40}> (0x0000000774db4d40) 
thrown [s\src\hotspot\share\prims\jni.cpp, line 520]
Event: 194.653 Thread 0x000002878dfde780 Exception <a 'sun/nio/fs/WindowsException'{0x000000077de6cbf8}> (0x000000077de6cbf8) 
thrown [s\src\hotspot\share\prims\jni.cpp, line 520]
Event: 194.664 Thread 0x000002878dfde780 Exception <a 'sun/nio/fs/WindowsException'{0x000000077de6d4b0}> (0x000000077de6d4b0) 
thrown [s\src\hotspot\share\prims\jni.cpp, line 520]
Event: 194.664 Thread 0x000002878dfde780 Exception <a 'sun/nio/fs/WindowsException'{0x000000077de6e268}> (0x000000077de6e268) 
thrown [s\src\hotspot\share\prims\jni.cpp, line 520]
Event: 194.665 Thread 0x000002878dfde780 Exception <a 'sun/nio/fs/WindowsException'{0x000000077de6e7f8}> (0x000000077de6e7f8) 
thrown [s\src\hotspot\share\prims\jni.cpp, line 520]
Event: 194.665 Thread 0x000002878dfde780 Exception <a 'sun/nio/fs/WindowsException'{0x000000077de6ed70}> (0x000000077de6ed70) 
thrown [s\src\hotspot\share\prims\jni.cpp, line 520]

ZGC Phase Switch (0 events):
No events

VM Operations (20 events):
Event: 181.677 Executing non-safepoint VM operation: HandshakeAllThreads (HandshakeForDeflation)
Event: 181.677 Executing non-safepoint VM operation: HandshakeAllThreads (HandshakeForDeflation) done
Event: 181.677 Executing non-safepoint VM operation: RendezvousGCThreads
Event: 181.677 Executing non-safepoint VM operation: RendezvousGCThreads done
Event: 182.055 Executing safepoint VM operation: G1CollectForAllocation (G1 Evacuation Pause)
Event: 182.160 Executing safepoint VM operation: G1CollectForAllocation (G1 Evacuation Pause) done
Event: 183.160 Executing safepoint VM operation: Cleanup
Event: 183.178 Executing safepoint VM operation: Cleanup done
Event: 188.196 Executing safepoint VM operation: Cleanup
Event: 188.196 Executing safepoint VM operation: Cleanup done
Event: 189.198 Executing safepoint VM operation: Cleanup
Event: 189.209 Executing safepoint VM operation: Cleanup done
Event: 191.223 Executing safepoint VM operation: Cleanup
Event: 191.223 Executing safepoint VM operation: Cleanup done
Event: 193.230 Executing safepoint VM operation: Cleanup
Event: 193.243 Executing safepoint VM operation: Cleanup done
Event: 193.429 Executing safepoint VM operation: G1CollectForAllocation (G1 Evacuation Pause)
Event: 193.977 Executing safepoint VM operation: G1CollectForAllocation (G1 Evacuation Pause) done
Event: 193.984 Executing safepoint VM operation: G1CollectForAllocation (G1 Evacuation Pause)
Event: 194.110 Executing safepoint VM operation: G1CollectForAllocation (G1 Evacuation Pause) done

Memory protections (0 events):
No events

Nmethod flushes (0 events):
No events

Events (11 events):
Event: 1.340 Thread 0x000002878dfde780 Thread added: 0x000002878dfde780
Event: 1.401 Thread 0x000002878dfde780 Thread added: 0x00000287ad4f86f0
Event: 1.401 Thread 0x000002878dfde780 Thread added: 0x00000287ad4fa070
Event: 1.402 Thread 0x000002878dfde780 Thread added: 0x00000287ad4fd900
Event: 1.402 Thread 0x000002878dfde780 Thread added: 0x00000287ad500370
Event: 1.402 Thread 0x000002878dfde780 Thread added: 0x00000287ad500dd0
Event: 1.403 Thread 0x000002878dfde780 Thread added: 0x00000287ad501830
Event: 1.403 Thread 0x000002878dfde780 Thread added: 0x00000287ad5025c0
Event: 1.409 Thread 0x000002878dfde780 Thread added: 0x00000287ad51de40
Event: 2.395 Thread 0x000002878dfde780 Thread added: 0x00000287ad649640
Event: 2.411 Thread 0x000002878dfde780 Thread added: 0x000002878df1f970


Dynamic libraries:
0x00007ff77fc50000 - 0x00007ff77fc5e000 	C:\Users\gabil\.gradle\jdks\amazon_com_inc_-21-amd64-windows.2\bin\java.exe
0x00007ffe57b40000 - 0x00007ffe57da9000 	C:\WINDOWS\SYSTEM32\ntdll.dll
0x00007ffe564d0000 - 0x00007ffe56599000 	C:\WINDOWS\System32\KERNEL32.DLL
0x00007ffe55230000 - 0x00007ffe55623000 	C:\WINDOWS\System32\KERNELBASE.dll
0x00007ffe55660000 - 0x00007ffe557ab000 	C:\WINDOWS\System32\ucrtbase.dll
0x00007ffe41600000 - 0x00007ffe41618000 	C:\Users\gabil\.gradle\jdks\amazon_com_inc_-21-amd64-windows.2\bin\jli.dll
0x00007ffe55c70000 - 0x00007ffe55e34000 	C:\WINDOWS\System32\USER32.dll
0x00007ffe55630000 - 0x00007ffe55657000 	C:\WINDOWS\System32\win32u.dll
0x00007ffe561a0000 - 0x00007ffe561cb000 	C:\WINDOWS\System32\GDI32.dll
0x00007ffe54ef0000 - 0x00007ffe5501d000 	C:\WINDOWS\System32\gdi32full.dll
0x00007ffe54e40000 - 0x00007ffe54ee3000 	C:\WINDOWS\System32\msvcp_win.dll
0x00007ffe3eb50000 - 0x00007ffe3eb6e000 	C:\Users\gabil\.gradle\jdks\amazon_com_inc_-21-amd64-windows.2\bin\VCRUNTIME140.dll
0x00007ffe3bd10000 - 0x00007ffe3bfa3000 	C:\WINDOWS\WinSxS\amd64_microsoft.windows.common-controls_6595b64144ccf1df_6.0.26100.5074_none_3e0d6f78e32fd63f\COMCTL32.dll
0x00007ffe561d0000 - 0x00007ffe56279000 	C:\WINDOWS\System32\msvcrt.dll
0x00007ffe565a0000 - 0x00007ffe565cf000 	C:\WINDOWS\System32\IMM32.DLL
0x00007ffe415f0000 - 0x00007ffe415fc000 	C:\Users\gabil\.gradle\jdks\amazon_com_inc_-21-amd64-windows.2\bin\vcruntime140_1.dll
0x00007ffe035d0000 - 0x00007ffe03659000 	C:\Users\gabil\.gradle\jdks\amazon_com_inc_-21-amd64-windows.2\bin\msvcp140.dll
0x00007ffdf6670000 - 0x00007ffdf7418000 	C:\Users\gabil\.gradle\jdks\amazon_com_inc_-21-amd64-windows.2\bin\server\jvm.dll
0x00007ffe56960000 - 0x00007ffe56a14000 	C:\WINDOWS\System32\ADVAPI32.dll
0x00007ffe57260000 - 0x00007ffe57306000 	C:\WINDOWS\System32\sechost.dll
0x00007ffe55ad0000 - 0x00007ffe55be8000 	C:\WINDOWS\System32\RPCRT4.dll
0x00007ffe55bf0000 - 0x00007ffe55c64000 	C:\WINDOWS\System32\WS2_32.dll
0x00007ffe54b30000 - 0x00007ffe54b8e000 	C:\WINDOWS\SYSTEM32\POWRPROF.dll
0x00007ffe3e2a0000 - 0x00007ffe3e2d5000 	C:\WINDOWS\SYSTEM32\WINMM.dll
0x00007ffe480d0000 - 0x00007ffe480db000 	C:\WINDOWS\SYSTEM32\VERSION.dll
0x00007ffe54b10000 - 0x00007ffe54b24000 	C:\WINDOWS\SYSTEM32\UMPDC.dll
0x00007ffe53a90000 - 0x00007ffe53aab000 	C:\WINDOWS\SYSTEM32\kernel.appcore.dll
0x00007ffe2e880000 - 0x00007ffe2e88a000 	C:\Users\gabil\.gradle\jdks\amazon_com_inc_-21-amd64-windows.2\bin\jimage.dll
0x00007ffe52530000 - 0x00007ffe52772000 	C:\WINDOWS\SYSTEM32\DBGHELP.DLL
0x00007ffe565e0000 - 0x00007ffe5695b000 	C:\WINDOWS\System32\combase.dll
0x00007ffe55e70000 - 0x00007ffe55f47000 	C:\WINDOWS\System32\OLEAUT32.dll
0x00007ffe35370000 - 0x00007ffe353ad000 	C:\WINDOWS\SYSTEM32\dbgcore.DLL
0x00007ffe55870000 - 0x00007ffe55909000 	C:\WINDOWS\System32\bcryptPrimitives.dll
0x00007ffe2a110000 - 0x00007ffe2a131000 	C:\Users\gabil\.gradle\jdks\amazon_com_inc_-21-amd64-windows.2\bin\java.dll
0x00007ffe56a70000 - 0x00007ffe571bd000 	C:\WINDOWS\System32\SHELL32.dll
0x00007ffe54cd0000 - 0x00007ffe54e3c000 	C:\WINDOWS\System32\wintypes.dll
0x00007ffe52910000 - 0x00007ffe53169000 	C:\WINDOWS\SYSTEM32\windows.storage.dll
0x00007ffe57370000 - 0x00007ffe57460000 	C:\WINDOWS\System32\SHCORE.dll
0x00007ffe56280000 - 0x00007ffe562e2000 	C:\WINDOWS\System32\shlwapi.dll
0x00007ffe54bf0000 - 0x00007ffe54c19000 	C:\WINDOWS\SYSTEM32\profapi.dll
0x00007ffe034f0000 - 0x00007ffe035c7000 	C:\Users\gabil\.gradle\jdks\amazon_com_inc_-21-amd64-windows.2\bin\jsvml.dll
0x00007ffe29a70000 - 0x00007ffe29a81000 	C:\Users\gabil\.gradle\jdks\amazon_com_inc_-21-amd64-windows.2\bin\net.dll
0x00007ffe448c0000 - 0x00007ffe449df000 	C:\WINDOWS\SYSTEM32\WINHTTP.dll
0x00007ffe54030000 - 0x00007ffe5409b000 	C:\WINDOWS\system32\mswsock.dll
0x00007ffe26720000 - 0x00007ffe26736000 	C:\Users\gabil\.gradle\jdks\amazon_com_inc_-21-amd64-windows.2\bin\nio.dll
0x00007ffe2dc80000 - 0x00007ffe2dc98000 	C:\Users\gabil\.gradle\jdks\amazon_com_inc_-21-amd64-windows.2\bin\zip.dll
0x00007ffe2bb30000 - 0x00007ffe2bb40000 	C:\Users\gabil\.gradle\jdks\amazon_com_inc_-21-amd64-windows.2\bin\verify.dll

JVMTI agents: none

dbghelp: loaded successfully - version: 4.0.5 - missing functions: none
symbol engine: initialized successfully - sym options: 0x614 - pdb path: .;C:\Users\gabil\.gradle\jdks\amazon_com_inc_-21-amd64-windows.2\bin;C:\WINDOWS\SYSTEM32;C:\WINDOWS\WinSxS\amd64_microsoft.windows.common-controls_6595b64144ccf1df_6.0.26100.5074_none_3e0d6f78e32fd63f;C:\Users\gabil\.gradle\jdks\amazon_com_inc_-21-amd64-windows.2\bin\server

VM Arguments:
jvm_args: -Dandroid.studio.latest.known.compatible.agp.version=9.2.1 -Dast.loading.filter=false -Dfile.separator=\ -Dide.hide.excluded.files=false -Didea.active=true -Didea.compose.hot-reload=true -Didea.compose.hot-reload.version=2 -Didea.config.path=some/non/existent/path -Didea.gradle.download.sources=true -Didea.ignore.disabled.plugins=true -Didea.io.use.nio2=true -Didea.plugins.compatible.build=999.SNAPSHOT -Didea.resolveSourceSetDependencies=true -Didea.sync.active=true -Didea.vendor.name=Google -Didea.version=2025.3 -Djava.awt.headless=true -Djava.class.version=65.0 -Djava.home=C:\Users\gabil\.gradle\jdks\amazon_com_inc_-21-amd64-windows.2 -Djava.library.path=C:\Users\gabil\.gradle\jdks\amazon_com_inc_-21-amd64-windows.2\bin;C:\WINDOWS\Sun\Java\bin;C:\WINDOWS\system32;C:\WINDOWS;C:\WINDOWS\system32;C:\WINDOWS;C:\WINDOWS\System32\Wbem;C:\WINDOWS\System32\WindowsPowerShell\v1.0\;C:\WINDOWS\System32\OpenSSH\;C:\Program Files (x86)\Microsoft SQL Server\160\Tools\Binn\;C:\Program Files\Microsoft SQL Server\160\Tools\Binn\;C:\Program Files\Microsoft SQL Server\Client SDK\ODBC\170\Tools\Binn\;C:\Program Files\Microsoft SQL Server\160\DTS\Binn\;C:\Program Files\Microsoft SQL Server\150\Tools\Binn\;C:\Program Files\Git\cmd;C:\Users\gabil\AppData\Local\Microsoft\WindowsApps;;C:\Program Files\JetBrains\PyCharm 2024.2.3\bin;;C:\Users\gabil\AppData\Local\Muse Hub\lib;C:\Program Files\JetBrains\IntelliJ IDEA Community Edition 2025.1.1.1\bin;;. -Djava.runtime.name=OpenJDK Runtime Environment -Djava.runtime.version=21.0.11+10-LTS -Djava.specification.name=Java Platform API Specification -Djava.specification.vendor=Oracle Corporation -Djava.specification.version=21 -Djava.vendor=Amazon.com Inc. -Djava.vendor.url=https://aws.amazon.com/corretto/ -Djava.vendor.url.bug=https://github.com/corretto/corretto-21/issues/ -Djava.vendor.version=Corretto-21.0.11.10.1 -Djava.version=21.0.11 -Djava.version.date=2026-04-21 -Djava.vm.compressedOopsMode=Zero based -Djava.vm.info=mixed mode, sharing -Djava.vm.name=OpenJDK 64-Bit Server VM -Djava.vm.specification.name=Java Virtual Machine Specification -Djava.vm.specification.vendor=Oracle Corporation -Djava.vm.specification.version=21 -Djava.vm.vendor=Amazon.com Inc. -Djava.vm.version=21.0.11+10-LTS -Djdk.debug=release -Dlibrary.jansi.path=C:\Users\gabil\.gradle\native\jansi\1.18\windows64 -Dline.separator=
 -Dnative.encoding=Cp1252 -Dorg.gradle.internal.GradleProjectBuilderOptions=omit_all_tasks -Dos.arch=amd64 -Dos.name=Windows 11 -Dos.version=10.0 -Dpath.separator=; -Dplatform.random.idempotence.check.rate=1000 -Dproject.structure.add.tools.jar.to.new.jdk=false -Dpsi.incremental.reparse.depth.limit=1000 -Dpsi.sleep.in.validity.check=false -Dpsi.track.invalidation=true -Dstderr.encoding=Cp1252 -Dstdout.encoding=Cp1252 -Dsun.arch.data.model=64 -Dsun.boot.library.path=C:\Users\gabil\.gradle\jdks\amazon_com_inc_-21-amd64-windows.2\bin -Dsun.cpu.endian=little -Dsun.cpu.isalist=amd64 -Dsun.io.unicode.encoding=UnicodeLittle -Dsun.jnu.encoding=Cp1252 -Dsun.management.compiler=HotSpot 64-Bit Tiered Compilers -Dsun.os.patch.level -Duser.home=C:\Users\gabil -Duser.name=gabil -Duser.script -Duser.timezone=America/Mexico_City -Xmx3g -Dfile.encoding=UTF-8 -Djava.io.tmpdir=C:\Users\gabil\AppData\Local\Temp\ -Duser.country=MX -Duser.language=es -Duser.variant -ea 
java_command: org.jetbrains.kotlin.commonizer.cli.CommonizerCLI @C:\Users\gabil\AppData\Local\Temp\kotlinc-native-args704041341577375467.lst
java_class_path (initial): C:\Users\gabil\.gradle\caches\modules-2\files-2.1\org.jetbrains.kotlin\kotlin-klib-commonizer-embeddable\2.3.21\b280322242d0bd9b27e64b97ccf09a2bdfd2ae47\kotlin-klib-commonizer-embeddable-2.3.21.jar;C:\Users\gabil\.gradle\caches\modules-2\files-2.1\org.jetbrains.kotlin\kotlin-compiler-embeddable\2.3.21\c4b47f8e33cdbeedd8c1415ab9f9ade870388162\kotlin-compiler-embeddable-2.3.21.jar;C:\Users\gabil\.gradle\caches\modules-2\files-2.1\org.jetbrains.kotlin\kotlin-stdlib\2.3.21\a2ee2c4e220fee522f0451b723bab2a43f3481a7\kotlin-stdlib-2.3.21.jar;C:\Users\gabil\.gradle\caches\modules-2\files-2.1\org.jetbrains\annotations\13.0\919f0dfe192fb4e063e7dacadee7f8bb9a2672a9\annotations-13.0.jar;C:\Users\gabil\.gradle\caches\modules-2\files-2.1\org.jetbrains.kotlin\kotlin-script-runtime\2.3.21\8dafd7f0eb5efef35a446683a2774fef61c68aeb\kotlin-script-runtime-2.3.21.jar;C:\Users\gabil\.gradle\caches\modules-2\files-2.1\org.jetbrains.kotlin\kotlin-reflect\1.6.10\1cbe9c92c12a94eea200d23c2bbaedaf3daf5132\kotlin-reflect-1.6.10.jar;C:\Users\gabil\.gradle\caches\modules-2\files-2.1\org.jetbrains.kotlin\kotlin-daemon-embeddable\2.3.21\384c12222b10aaa06fdd2163435709efdade5a02\kotlin-daemon-embeddable-2.3.21.jar;C:\Users\gabil\.gradle\caches\modules-2\files-2.1\org.jetbrains.kotlinx\kotlinx-coroutines-core-jvm\1.8.0\ac1dc37a30a93150b704022f8d895ee1bd3a36b3\kotlinx-coroutines-core-jvm-1.8.0.jar
Launcher Type: SUN_STANDARD

[Global flags]
     intx CICompilerCount                          = 2                                         {product} {ergonomic}
     uint ConcGCThreads                            = 1                                         {product} {ergonomic}
     uint G1ConcRefinementThreads                  = 2                                         {product} {ergonomic}
   size_t G1HeapRegionSize                         = 2097152                                   {product} {ergonomic}
    uintx GCDrainStackTargetSize                   = 64                                        {product} {ergonomic}
   size_t InitialHeapSize                          = 132120576                                 {product} {ergonomic}
   size_t MarkStackSize                            = 4194304                                   {product} {ergonomic}
   size_t MaxHeapSize                              = 3221225472                                {product} {command line}
   size_t MaxNewSize                               = 1931476992                                {product} {ergonomic}
   size_t MinHeapDeltaBytes                        = 2097152                                   {product} {ergonomic}
   size_t MinHeapSize                              = 8388608                                   {product} {ergonomic}
    uintx NonNMethodCodeHeapSize                   = 5826188                                {pd product} {ergonomic}
    uintx NonProfiledCodeHeapSize                  = 122916026                              {pd product} {ergonomic}
    uintx ProfiledCodeHeapSize                     = 122916026                              {pd product} {ergonomic}
    uintx ReservedCodeCacheSize                    = 251658240                              {pd product} {ergonomic}
     bool SegmentedCodeCache                       = true                                      {product} {ergonomic}
   size_t SoftMaxHeapSize                          = 3221225472                             {manageable} {ergonomic}
     bool UseCompressedOops                        = true                           {product lp64_product} {ergonomic}
     bool UseG1GC                                  = true                                      {product} {ergonomic}
     bool UseLargePagesIndividualAllocation        = false                                  {pd product} {ergonomic}

Logging:
Log output configuration:
 #0: stdout all=warning uptime,level,tags foldmultilines=false
 #1: stderr all=off uptime,level,tags foldmultilines=false

Release file:
IMPLEMENTOR="Amazon.com Inc." 
IMPLEMENTOR_VERSION="Corretto-21.0.11.10.1" 
JAVA_RUNTIME_VERSION="21.0.11+10-LTS" 
JAVA_VERSION="21.0.11" 
JAVA_VERSION_DATE="2026-04-21" 
LIBC="default" 
MODULES="java.base java.compiler java.datatransfer java.xml java.prefs java.desktop java.instrument java.logging java.management java.security.sasl java.naming java.rmi java.management.rmi java.net.http java.scripting java.security.jgss java.transaction.xa java.sql java.sql.rowset java.xml.crypto java.se java.smartcardio jdk.accessibility jdk.internal.jvmstat jdk.attach jdk.charsets jdk.internal.opt jdk.zipfs jdk.compiler jdk.crypto.ec jdk.crypto.cryptoki jdk.crypto.mscapi jdk.dynalink jdk.internal.ed jdk.editpad jdk.hotspot.agent jdk.httpserver jdk.incubator.vector jdk.internal.le jdk.internal.vm.ci jdk.internal.vm.compiler jdk.internal.vm.compiler.management jdk.jartool jdk.javadoc jdk.jcmd jdk.management jdk.management.agent jdk.jconsole jdk.jdeps jdk.jdwp.agent jdk.jdi jdk.jfr jdk.jlink jdk.jpackage jdk.jshell jdk.jsobject jdk.jstatd jdk.localedata jdk.management.jfr jdk.naming.dns jdk.naming.rmi jdk.net jdk.nio.mapmode jdk.random jdk.sctp jdk.security.auth jdk.security.jgss jdk.unsupported jdk.unsupported.desktop jdk.xml.dom" 
OS_ARCH="x86_64" 
OS_NAME="Windows" 
SOURCE="" 

Environment Variables:
PATH=C:\WINDOWS\system32;C:\WINDOWS;C:\WINDOWS\System32\Wbem;C:\WINDOWS\System32\WindowsPowerShell\v1.0\;C:\WINDOWS\System32\OpenSSH\;C:\Program Files (x86)\Microsoft SQL Server\160\Tools\Binn\;C:\Program Files\Microsoft SQL Server\160\Tools\Binn\;C:\Program Files\Microsoft SQL Server\Client SDK\ODBC\170\Tools\Binn\;C:\Program Files\Microsoft SQL Server\160\DTS\Binn\;C:\Program Files\Microsoft SQL Server\150\Tools\Binn\;C:\Program Files\Git\cmd;C:\Users\gabil\AppData\Local\Microsoft\WindowsApps;;C:\Program Files\JetBrains\PyCharm 2024.2.3\bin;;C:\Users\gabil\AppData\Local\Muse Hub\lib;C:\Program Files\JetBrains\IntelliJ IDEA Community Edition 2025.1.1.1\bin;
USERNAME=gabil
OS=Windows_NT
PROCESSOR_IDENTIFIER=Intel64 Family 6 Model 122 Stepping 8, GenuineIntel
TMP=C:\Users\gabil\AppData\Local\Temp
TEMP=C:\Users\gabil\AppData\Local\Temp




Periodic native trim disabled

---------------  S Y S T E M  ---------------

OS:
 Windows 11 , 64 bit Build 26100 (10.0.26100.5074)
OS uptime: 0 days 3:33 hours
Hyper-V role detected

CPU: total 2 (initial active 2) (2 cores per cpu, 1 threads per core) family 6 model 122 stepping 8 microcode 0x1c, cx8, cmov, fxsr, mmx, 3dnowpref, sse, sse2, sse3, ssse3, sse4.1, sse4.2, popcnt, tsc, tscinvbit, aes, erms, clmul, sha, clflush, clflushopt, hv, rdtscp, rdpid
Processor Information for the first 2 processors :
  Max Mhz: 1101, Current Mhz: 1101, Mhz Limit: 1101

Memory: 4k page, system-wide physical 8014M (731M free)
TotalPageFile size 12110M (AvailPageFile size 6M)
current process WorkingSet (physical memory assigned to process): 1143M, peak: 1143M
current process commit charge ("private bytes"): 1284M, peak: 1286M

vm_info: OpenJDK 64-Bit Server VM (21.0.11+10-LTS) for windows-amd64 JRE (21.0.11+10-LTS), built on 2026-04-18T07:30:30Z by "Administrator" with MS VC++ 17.14 (VS2022)

END.
